peer,KPI,sort,Product,Hierarchy 1,average,Value,Rank,last,group,Code
All products,Business value,1,Alteryx,,5.043429741,9.95954046,1,,1,
All products,Business value,1,Dataiku,,5.043429741,9.490475832,2,,1,
All products,Business value,1,IBM SPSS/WS,,5.043429741,4.235933472,5,,1,
All products,Business value,1,IBM SPSS/WS/CA,,5.043429741,2.032423796,9,,1,
All products,Business value,1,Microsoft Azure/SQL Server,,5.043429741,2.104680263,8,,1,
All products,Business value,1,Microsoft Power BI,,5.043429741,5.478577123,4,,1,
All products,Business value,1,Qlik,,5.043429741,8.110140623,3,,1,
All products,Business value,1,RapidMiner,,5.043429741,3.921307624,6,,1,
All products,Business value,1,SAS,,5.043429741,1.701248197,10,,1,
All products,Business value,1,Tableau,,5.043429741,3.39997002,7,,1,
All products,Business benefits,2,Alteryx,,4.844313048,10,1,,2,
All products,Business benefits,2,Dataiku,,4.844313048,9.326954285,3,,2,
All products,Business benefits,2,IBM SPSS/WS,,4.844313048,3.691724258,5,,2,
All products,Business benefits,2,IBM SPSS/WS/CA,,4.844313048,1.626251485,9,,2,
All products,Business benefits,2,Microsoft Azure/SQL Server,,4.844313048,1,10,,2,
All products,Business benefits,2,Microsoft Power BI,,4.844313048,6.418491074,4,,2,
All products,Business benefits,2,Qlik,,4.844313048,9.761968917,2,,2,
All products,Business benefits,2,RapidMiner,,4.844313048,2.338834624,6,,2,
All products,Business benefits,2,SAS,,4.844313048,2.154789973,7,,2,
All products,Business benefits,2,Tableau,,4.844313048,2.124115864,8,,2,
All products,Project success,3,Alteryx,,5.06781703,9.878621379,2,,2,
All products,Project success,3,Dataiku,,5.06781703,10,1,,2,
All products,Project success,3,IBM SPSS/WS,,5.06781703,3.821590175,7,,2,
All products,Project success,3,IBM SPSS/WS/CA,,5.06781703,1.795508839,8,,2,
All products,Project success,3,Microsoft Azure/SQL Server,,5.06781703,1.465416936,9,,2,
All products,Project success,3,Microsoft Power BI,,5.06781703,4.214285714,6,,2,
All products,Project success,3,Qlik,,5.06781703,7.32967033,3,,2,
All products,Project success,3,RapidMiner,,5.06781703,4.659340659,5,,2,
All products,Project success,3,SAS,,5.06781703,1,10,,2,
All products,Project success,3,Tableau,,5.06781703,6.513736264,4,,2,
All products,Project length,4,Alteryx,,5.592005242,10,1,,2,
All products,Project length,4,Dataiku,,5.592005242,8.961992136,2,,2,
All products,Project length,4,IBM SPSS/WS,,5.592005242,6.697247706,4,,2,
All products,Project length,4,IBM SPSS/WS/CA,,5.592005242,3.724770642,8,,2,
All products,Project length,4,Microsoft Azure/SQL Server,,5.592005242,6.697247706,5,,2,
All products,Project length,4,Microsoft Power BI,,5.592005242,5.187418087,6,,2,
All products,Project length,4,Qlik,,5.592005242,4.71559633,7,,2,
All products,Project length,4,RapidMiner,,5.592005242,7.19266055,3,,2,
All products,Project length,4,SAS,,5.592005242,1.743119266,9,,2,
All products,Project length,4,Tableau,,5.592005242,1,10,,2,
All products,Customer satisfaction,5,Alteryx,,5.992093762,8.546193995,2,,1,
All products,Customer satisfaction,5,Dataiku,,5.992093762,8.982614845,1,,1,
All products,Customer satisfaction,5,IBM SPSS/WS,,5.992093762,5.345659721,7,,1,
All products,Customer satisfaction,5,IBM SPSS/WS/CA,,5.992093762,4.143793039,9,,1,
All products,Customer satisfaction,5,Microsoft Azure/SQL Server,,5.992093762,5.919896717,6,,1,
All products,Customer satisfaction,5,Microsoft Power BI,,5.992093762,8.160659551,3,,1,
All products,Customer satisfaction,5,Qlik,,5.992093762,6.242347182,4,,1,
All products,Customer satisfaction,5,RapidMiner,,5.992093762,5.134803415,8,,1,
All products,Customer satisfaction,5,SAS,,5.992093762,1.226923077,10,,1,
All products,Customer satisfaction,5,Tableau,,5.992093762,6.218046079,5,,1,
All products,Price-to-value,6,Alteryx,,7.371842419,8.209872979,4,,2,
All products,Price-to-value,6,Dataiku,,7.371842419,7.413724843,8,,2,
All products,Price-to-value,6,IBM SPSS/WS,,7.371842419,8.716512702,3,,2,
All products,Price-to-value,6,IBM SPSS/WS/CA,,7.371842419,7.928406467,6,,2,
All products,Price-to-value,6,Microsoft Azure/SQL Server,,7.371842419,8.140334194,5,,2,
All products,Price-to-value,6,Microsoft Power BI,,7.371842419,10,1,,2,
All products,Price-to-value,6,Qlik,,7.371842419,9.459584296,2,,2,
All products,Price-to-value,6,RapidMiner,,7.371842419,5.178923058,9,,2,
All products,Price-to-value,6,SAS,,7.371842419,1,10,,2,
All products,Price-to-value,6,Tableau,,7.371842419,7.671065655,7,,2,
All products,Recommendation,7,Alteryx,,5.662960313,10,1,,2,
All products,Recommendation,7,Dataiku,,5.662960313,8.972027972,2,,2,
All products,Recommendation,7,IBM SPSS/WS,,5.662960313,7.576923077,3,,2,
All products,Recommendation,7,IBM SPSS/WS/CA,,5.662960313,4.732441472,7,,2,
All products,Recommendation,7,Microsoft Azure/SQL Server,,5.662960313,1.162895928,9,,2,
All products,Recommendation,7,Microsoft Power BI,,5.662960313,6.916083916,4,,2,
All products,Recommendation,7,Qlik,,5.662960313,6.538461538,5,,2,
All products,Recommendation,7,RapidMiner,,5.662960313,3.769230769,8,,2,
All products,Recommendation,7,SAS,,5.662960313,1,10,,2,
All products,Recommendation,7,Tableau,,5.662960313,5.961538462,6,,2,
All products,Vendor support,8,Alteryx,,5.295847311,10,1,,2,
All products,Vendor support,8,Dataiku,,5.295847311,9.1,2,,2,
All products,Vendor support,8,IBM SPSS/WS,,5.295847311,1.707142857,9,,2,
All products,Vendor support,8,IBM SPSS/WS/CA,,5.295847311,1,10,,2,
All products,Vendor support,8,Microsoft Azure/SQL Server,,5.295847311,5.885714286,4,,2,
All products,Vendor support,8,Microsoft Power BI,,5.295847311,5.073684211,5,,2,
All products,Vendor support,8,Qlik,,5.295847311,4.278571429,7,,2,
All products,Vendor support,8,RapidMiner,,5.295847311,4.6,6,,2,
All products,Vendor support,8,SAS,,5.295847311,3.042307692,8,,2,
All products,Vendor support,8,Tableau,,5.295847311,8.271052632,3,,2,
All products,Product satisfaction,9,Alteryx,,5.633476923,6.832,4,,2,
All products,Product satisfaction,9,Dataiku,,5.633476923,10,1,,2,
All products,Product satisfaction,9,IBM SPSS/WS,,5.633476923,2.08,8,,2,
All products,Product satisfaction,9,IBM SPSS/WS/CA,,5.633476923,2.08,9,,2,
All products,Product satisfaction,9,Microsoft Azure/SQL Server,,5.633476923,9.208,2,,2,
All products,Product satisfaction,9,Microsoft Power BI,,5.633476923,9.208,2,,2,
All products,Product satisfaction,9,Qlik,,5.633476923,4.456,7,,2,
All products,Product satisfaction,9,RapidMiner,,5.633476923,6.649230769,5,,2,
All products,Product satisfaction,9,SAS,,5.633476923,1,10,,2,
All products,Product satisfaction,9,Tableau,,5.633476923,4.821538462,6,,2,
All products,User experience,10,Alteryx,,5.525013795,7.367887807,2,,1,
All products,User experience,10,Dataiku,,5.525013795,9.945294762,1,,1,
All products,User experience,10,IBM SPSS/WS,,5.525013795,6.016654088,4,,1,
All products,User experience,10,IBM SPSS/WS/CA,,5.525013795,5.66415469,6,,1,
All products,User experience,10,Microsoft Azure/SQL Server,,5.525013795,6.010586389,5,,1,
All products,User experience,10,Microsoft Power BI,,5.525013795,4.923276957,7,,1,
All products,User experience,10,Qlik,,5.525013795,3.234026332,9,,1,
All products,User experience,10,RapidMiner,,5.525013795,6.864991327,3,,1,
All products,User experience,10,SAS,,5.525013795,1.010287579,10,,1,
All products,User experience,10,Tableau,,5.525013795,4.212978022,8,,1,
All products,Ease of use,11,Alteryx,,5.473743356,9.265698843,2,,2,
All products,Ease of use,11,Dataiku,,5.473743356,10,1,,2,
All products,Ease of use,11,IBM SPSS/WS,,5.473743356,5.011872471,5,,2,
All products,Ease of use,11,IBM SPSS/WS/CA,,5.473743356,4.853736972,6,,2,
All products,Ease of use,11,Microsoft Azure/SQL Server,,5.473743356,3.846148016,8,,2,
All products,Ease of use,11,Microsoft Power BI,,5.473743356,4.610530603,7,,2,
All products,Ease of use,11,Qlik,,5.473743356,2.371494579,9,,2,
All products,Ease of use,11,RapidMiner,,5.473743356,8.641208041,3,,2,
All products,Ease of use,11,SAS,,5.473743356,1,10,,2,
All products,Ease of use,11,Tableau,,5.473743356,5.136744039,4,,2,
All products,Code-free usage,12,Alteryx,,5.250465375,10,1,,2,
All products,Code-free usage,12,Dataiku,,5.250465375,9.580489214,2,,2,
All products,Code-free usage,12,IBM SPSS/WS,,5.250465375,3.999451738,7,,2,
All products,Code-free usage,12,IBM SPSS/WS/CA,,5.250465375,5.524253958,5,,2,
All products,Code-free usage,12,Microsoft Azure/SQL Server,,5.250465375,2.438309539,8,,2,
All products,Code-free usage,12,Microsoft Power BI,,5.250465375,4.019854589,6,,2,
All products,Code-free usage,12,Qlik,,5.250465375,1.28858463,9,,2,
All products,Code-free usage,12,RapidMiner,,5.250465375,8.441112893,3,,2,
All products,Code-free usage,12,SAS,,5.250465375,1,10,,2,
All products,Code-free usage,12,Tableau,,5.250465375,6.212597192,4,,2,
All products,User guidance,13,Alteryx,,7.324621072,10,1,,2,
All products,User guidance,13,Dataiku,,7.324621072,9.87245841,2,,2,
All products,User guidance,13,IBM SPSS/WS,,7.324621072,8.852125693,4,,2,
All products,User guidance,13,IBM SPSS/WS/CA,,7.324621072,8.852125693,4,,2,
All products,User guidance,13,Microsoft Azure/SQL Server,,7.324621072,5.791127542,7,,2,
All products,User guidance,13,Microsoft Power BI,,7.324621072,5.791127542,7,,2,
All products,User guidance,13,Qlik,,7.324621072,5.791127542,7,,2,
All products,User guidance,13,RapidMiner,,7.324621072,7.831792976,6,,2,
All products,User guidance,13,SAS,,7.324621072,1,10,,2,
All products,User guidance,13,Tableau,,7.324621072,9.464325323,3,,2,
All products,Collaboration,14,Alteryx,,6.270071679,6.764044944,6,,2,
All products,Collaboration,14,Dataiku,,6.270071679,10,1,,2,
All products,Collaboration,14,IBM SPSS/WS,,6.270071679,7.13964687,4,,2,
All products,Collaboration,14,IBM SPSS/WS/CA,,6.270071679,5.657007688,7,,2,
All products,Collaboration,14,Microsoft Azure/SQL Server,,6.270071679,7.97752809,2,,2,
All products,Collaboration,14,Microsoft Power BI,,6.270071679,5.550561798,8,,2,
All products,Collaboration,14,Qlik,,6.270071679,7.573033708,3,,2,
All products,Collaboration,14,RapidMiner,,6.270071679,7.106309421,5,,2,
All products,Collaboration,14,SAS,,6.270071679,1,10,,2,
All products,Collaboration,14,Tableau,,6.270071679,3.93258427,9,,2,
All products,Openness,15,Alteryx,,4.571226026,4.117897217,6,,2,
All products,Openness,15,Dataiku,,4.571226026,10,1,,2,
All products,Openness,15,IBM SPSS/WS,,4.571226026,6.000017431,3,,2,
All products,Openness,15,IBM SPSS/WS/CA,,4.571226026,5.463313651,4,,2,
All products,Openness,15,Microsoft Azure/SQL Server,,4.571226026,8.127642194,2,,2,
All products,Openness,15,Microsoft Power BI,,4.571226026,4.829690679,5,,2,
All products,Openness,15,Qlik,,4.571226026,1,10,,2,
All products,Openness,15,RapidMiner,,4.571226026,4.080254813,7,,2,
All products,Openness,15,SAS,,4.571226026,1.034291931,9,,2,
All products,Openness,15,Tableau,,4.571226026,1.05915235,8,,2,
All products,Data management,16,Alteryx,,5.88632364,8.978747794,1,,1,
All products,Data management,16,Dataiku,,5.88632364,6.580642345,4,,1,
All products,Data management,16,IBM SPSS/WS,,5.88632364,3.733146208,9,,1,
All products,Data management,16,IBM SPSS/WS/CA,,5.88632364,4.496010307,8,,1,
All products,Data management,16,Microsoft Azure/SQL Server,,5.88632364,7.340066758,2,,1,
All products,Data management,16,Microsoft Power BI,,5.88632364,5.504104594,6,,1,
All products,Data management,16,Qlik,,5.88632364,7.217948639,3,,1,
All products,Data management,16,RapidMiner,,5.88632364,5.849614721,5,,1,
All products,Data management,16,SAS,,5.88632364,5.484649953,7,,1,
All products,Data management,16,Tableau,,5.88632364,3.678305079,10,,1,
All products,Performance satisfaction,17,Alteryx,,5.283699608,10,1,,2,
All products,Performance satisfaction,17,Dataiku,,5.283699608,3.68683308,8,,2,
All products,Performance satisfaction,17,IBM SPSS/WS,,5.283699608,1,10,,2,
All products,Performance satisfaction,17,IBM SPSS/WS/CA,,5.283699608,3.160158243,9,,2,
All products,Performance satisfaction,17,Microsoft Azure/SQL Server,,5.283699608,4.77757255,6,,2,
All products,Performance satisfaction,17,Microsoft Power BI,,5.283699608,6.609799935,3,,2,
All products,Performance satisfaction,17,Qlik,,5.283699608,5.832417378,5,,2,
All products,Performance satisfaction,17,RapidMiner,,5.283699608,7.250464542,2,,2,
All products,Performance satisfaction,17,SAS,,5.283699608,4.285425032,7,,2,
All products,Performance satisfaction,17,Tableau,,5.283699608,6.23432532,4,,2,
All products,Data volume,18,Alteryx,,5.812373735,10,1,,2,
All products,Data volume,18,Dataiku,,5.812373735,6.181611954,5,,2,
All products,Data volume,18,IBM SPSS/WS,,5.812373735,3.738461784,8,,2,
All products,Data volume,18,IBM SPSS/WS/CA,,5.812373735,4.122836123,7,,2,
All products,Data volume,18,Microsoft Azure/SQL Server,,5.812373735,8.198676675,2,,2,
All products,Data volume,18,Microsoft Power BI,,5.812373735,6.101718473,6,,2,
All products,Data volume,18,Qlik,,5.812373735,8.184795549,3,,2,
All products,Data volume,18,RapidMiner,,5.812373735,3.183849959,9,,2,
All products,Data volume,18,SAS,,5.812373735,7.411786827,4,,2,
All products,Data volume,18,Tableau,,5.812373735,1,10,,2,
All products,Data variety,19,Alteryx,,5.310453893,8.392273788,4,,2,
All products,Data variety,19,Dataiku,,5.310453893,9.221415608,3,,2,
All products,Data variety,19,IBM SPSS/WS,,5.310453893,1.226955774,8,,2,
All products,Data variety,19,IBM SPSS/WS/CA,,5.310453893,1,10,,2,
All products,Data variety,19,Microsoft Azure/SQL Server,,5.310453893,9.687733533,2,,2,
All products,Data variety,19,Microsoft Power BI,,5.310453893,10,1,,2,
All products,Data variety,19,Qlik,,5.310453893,5.94529427,5,,2,
All products,Data variety,19,RapidMiner,,5.310453893,3.943220119,6,,2,
All products,Data variety,19,SAS,,5.310453893,2.552890848,7,,2,
All products,Data variety,19,Tableau,,5.310453893,1.134754991,9,,2,
All products,Governance,20,Alteryx,,7.152144466,6.718854283,8,,2,
All products,Governance,20,Dataiku,,7.152144466,10,1,,2,
All products,Governance,20,IBM SPSS/WS,,7.152144466,9.080645161,3,,2,
All products,Governance,20,IBM SPSS/WS/CA,,7.152144466,8.620967742,5,,2,
All products,Governance,20,Microsoft Azure/SQL Server,,7.152144466,9.151364764,2,,2,
All products,Governance,20,Microsoft Power BI,,7.152144466,1,10,,2,
All products,Governance,20,Qlik,,7.152144466,8.965725806,4,,2,
All products,Governance,20,RapidMiner,,7.152144466,7.367302053,6,,2,
All products,Governance,20,SAS,,7.152144466,6.822230014,7,,2,
All products,Governance,20,Tableau,,7.152144466,3.794354839,9,,2,
All products,Analytics,21,Alteryx,,6.126079295,6.430247322,5,,1,
All products,Analytics,21,Dataiku,,6.126079295,9.552876481,1,,1,
All products,Analytics,21,IBM SPSS/WS,,6.126079295,4.265852128,8,,1,
All products,Analytics,21,IBM SPSS/WS/CA,,6.126079295,4.335224946,7,,1,
All products,Analytics,21,Microsoft Azure/SQL Server,,6.126079295,5.009082065,6,,1,
All products,Analytics,21,Microsoft Power BI,,6.126079295,8.074024243,3,,1,
All products,Analytics,21,Qlik,,6.126079295,8.461423657,2,,1,
All products,Analytics,21,RapidMiner,,6.126079295,4.184932371,9,,1,
All products,Analytics,21,SAS,,6.126079295,7.255881387,4,,1,
All products,Analytics,21,Tableau,,6.126079295,3.691248355,10,,1,
All products,Data preparation,22,Alteryx,,5.43878383,9.519589393,2,,2,
All products,Data preparation,22,Dataiku,,5.43878383,10,1,,2,
All products,Data preparation,22,IBM SPSS/WS,,5.43878383,2.903246139,9,,2,
All products,Data preparation,22,IBM SPSS/WS/CA,,5.43878383,3.371257485,7,,2,
All products,Data preparation,22,Microsoft Azure/SQL Server,,5.43878383,5.3589292,6,,2,
All products,Data preparation,22,Microsoft Power BI,,5.43878383,7.251497006,3,,2,
All products,Data preparation,22,Qlik,,5.43878383,5.657827203,5,,2,
All products,Data preparation,22,RapidMiner,,5.43878383,3.286569718,8,,2,
All products,Data preparation,22,SAS,,5.43878383,6.038922156,4,,2,
All products,Data preparation,22,Tableau,,5.43878383,1,10,,2,
All products,Data visualization,23,Alteryx,,5.918099651,2.523738429,9,,2,
All products,Data visualization,23,Dataiku,,5.918099651,7.475888325,4,,2,
All products,Data visualization,23,IBM SPSS/WS,,5.918099651,1,10,,2,
All products,Data visualization,23,IBM SPSS/WS/CA,,5.918099651,3.110659898,7,,2,
All products,Data visualization,23,Microsoft Azure/SQL Server,,5.918099651,5.605076142,6,,2,
All products,Data visualization,23,Microsoft Power BI,,5.918099651,9.460083064,3,,2,
All products,Data visualization,23,Qlik,,5.918099651,10,1,,2,
All products,Data visualization,23,RapidMiner,,5.918099651,3.110659898,7,,2,
All products,Data visualization,23,SAS,,5.918099651,7.340322225,5,,2,
All products,Data visualization,23,Tableau,,5.918099651,9.554568528,2,,2,
All products,Visual analysis,24,Alteryx,,6.619882143,4.176470588,9,,2,
All products,Visual analysis,24,Dataiku,,6.619882143,9.25,2,,2,
All products,Visual analysis,24,IBM SPSS/WS,,6.619882143,5.857142857,7,,2,
All products,Visual analysis,24,IBM SPSS/WS/CA,,6.619882143,5.380952381,8,,2,
All products,Visual analysis,24,Microsoft Azure/SQL Server,,6.619882143,1,10,,2,
All products,Visual analysis,24,Microsoft Power BI,,6.619882143,8.454545455,4,,2,
All products,Visual analysis,24,Qlik,,6.619882143,10,1,,2,
All products,Visual analysis,24,RapidMiner,,6.619882143,6.333333333,6,,2,
All products,Visual analysis,24,SAS,,6.619882143,6.913043478,5,,2,
All products,Visual analysis,24,Tableau,,6.619882143,8.833333333,3,,2,
All products,Advanced analytics breadth,25,Alteryx,,6.553499411,6.145592705,6,,2,
All products,Advanced analytics breadth,25,Dataiku,,6.553499411,10,1,,2,
All products,Advanced analytics breadth,25,IBM SPSS/WS,,6.553499411,5.656215006,7,,2,
All products,Advanced analytics breadth,25,IBM SPSS/WS/CA,,6.553499411,5.010229133,8,,2,
All products,Advanced analytics breadth,25,Microsoft Azure/SQL Server,,6.553499411,7.133291615,5,,2,
All products,Advanced analytics breadth,25,Microsoft Power BI,,6.553499411,8.180851064,4,,2,
All products,Advanced analytics breadth,25,Qlik,,6.553499411,9.726443769,2,,2,
All products,Advanced analytics breadth,25,RapidMiner,,6.553499411,4.009118541,9,,2,
All products,Advanced analytics breadth,25,SAS,,6.553499411,8.67325228,3,,2,
All products,Advanced analytics breadth,25,Tableau,,6.553499411,1,10,,2,
All products,Operationalization,26,Alteryx,,5.478946087,2.427997228,9,,1,
All products,Operationalization,26,Dataiku,,5.478946087,8.003088803,2,,1,
All products,Operationalization,26,IBM SPSS/WS,,5.478946087,5.459459459,5,,1,
All products,Operationalization,26,IBM SPSS/WS/CA,,5.478946087,3.705832148,8,,1,
All products,Operationalization,26,Microsoft Azure/SQL Server,,5.478946087,4.773745174,6,,1,
All products,Operationalization,26,Microsoft Power BI,,5.478946087,7.718918919,4,,1,
All products,Operationalization,26,Qlik,,5.478946087,7.821303657,3,,1,
All products,Operationalization,26,RapidMiner,,5.478946087,3.879115479,7,,1,
All products,Operationalization,26,SAS,,5.478946087,10,1,,1,
All products,Operationalization,26,Tableau,,5.478946087,1,10,,1,
All products,Model scoring,27,Alteryx,,5.473670284,2.403326403,9,,2,
All products,Model scoring,27,Dataiku,,5.473670284,8.864864865,2,,2,
All products,Model scoring,27,IBM SPSS/WS,,5.473670284,4.648648649,5,,2,
All products,Model scoring,27,IBM SPSS/WS/CA,,5.473670284,4.26458037,7,,2,
All products,Model scoring,27,Microsoft Azure/SQL Server,,5.473670284,4.648648649,5,,2,
All products,Model scoring,27,Microsoft Power BI,,5.473670284,8.297297297,3,,2,
All products,Model scoring,27,Qlik,,5.473670284,7.72972973,4,,2,
All products,Model scoring,27,RapidMiner,,5.473670284,2.87960688,8,,2,
All products,Model scoring,27,SAS,,5.473670284,10,1,,2,
All products,Model scoring,27,Tableau,,5.473670284,1,10,,2,
All products,Model management,28,Alteryx,,5.482463288,2.444444444,9,,2,
All products,Model management,28,Dataiku,,5.482463288,7.428571429,3,,2,
All products,Model management,28,IBM SPSS/WS,,5.482463288,6,5,,2,
All products,Model management,28,IBM SPSS/WS/CA,,5.482463288,3.333333333,8,,2,
All products,Model management,28,Microsoft Azure/SQL Server,,5.482463288,4.857142857,6,,2,
All products,Model management,28,Microsoft Power BI,,5.482463288,7.333333333,4,,2,
All products,Model management,28,Qlik,,5.482463288,7.882352941,2,,2,
All products,Model management,28,RapidMiner,,5.482463288,4.545454545,7,,2,
All products,Model management,28,SAS,,5.482463288,10,1,,2,
All products,Model management,28,Tableau,,5.482463288,1,10,,2,
Advanced analytics platforms,Business value,1,Alteryx,,5.235530975,9.95954046,1,,1,
Advanced analytics platforms,Business value,1,Dataiku,,5.235530975,9.490475832,2,,1,
Advanced analytics platforms,Business value,1,IBM SPSS/WS,,5.235530975,4.235933472,3,,1,
Advanced analytics platforms,Business value,1,Microsoft Azure/SQL Server,,5.235530975,2.104680263,5,,1,
Advanced analytics platforms,Business value,1,RapidMiner,,5.235530975,3.921307624,4,,1,
Advanced analytics platforms,Business value,1,SAS,,5.235530975,1.701248197,6,,1,
Advanced analytics platforms,Business benefits,2,Alteryx,,4.752050523,10,1,,2,
Advanced analytics platforms,Business benefits,2,Dataiku,,4.752050523,9.326954285,2,,2,
Advanced analytics platforms,Business benefits,2,IBM SPSS/WS,,4.752050523,3.691724258,3,,2,
Advanced analytics platforms,Business benefits,2,Microsoft Azure/SQL Server,,4.752050523,1,6,,2,
Advanced analytics platforms,Business benefits,2,RapidMiner,,4.752050523,2.338834624,4,,2,
Advanced analytics platforms,Business benefits,2,SAS,,4.752050523,2.154789973,5,,2,
Advanced analytics platforms,Project success,3,Alteryx,,5.137494858,9.878621379,2,,2,
Advanced analytics platforms,Project success,3,Dataiku,,5.137494858,10,1,,2,
Advanced analytics platforms,Project success,3,IBM SPSS/WS,,5.137494858,3.821590175,4,,2,
Advanced analytics platforms,Project success,3,Microsoft Azure/SQL Server,,5.137494858,1.465416936,5,,2,
Advanced analytics platforms,Project success,3,RapidMiner,,5.137494858,4.659340659,3,,2,
Advanced analytics platforms,Project success,3,SAS,,5.137494858,1,6,,2,
Advanced analytics platforms,Project length,4,Alteryx,,6.882044561,10,1,,2,
Advanced analytics platforms,Project length,4,Dataiku,,6.882044561,8.961992136,2,,2,
Advanced analytics platforms,Project length,4,IBM SPSS/WS,,6.882044561,6.697247706,4,,2,
Advanced analytics platforms,Project length,4,Microsoft Azure/SQL Server,,6.882044561,6.697247706,5,,2,
Advanced analytics platforms,Project length,4,RapidMiner,,6.882044561,7.19266055,3,,2,
Advanced analytics platforms,Project length,4,SAS,,6.882044561,1.743119266,6,,2,
Advanced analytics platforms,Customer satisfaction,5,Alteryx,,5.859348628,8.546193995,2,,1,
Advanced analytics platforms,Customer satisfaction,5,Dataiku,,5.859348628,8.982614845,1,,1,
Advanced analytics platforms,Customer satisfaction,5,IBM SPSS/WS,,5.859348628,5.345659721,4,,1,
Advanced analytics platforms,Customer satisfaction,5,Microsoft Azure/SQL Server,,5.859348628,5.919896717,3,,1,
Advanced analytics platforms,Customer satisfaction,5,RapidMiner,,5.859348628,5.134803415,5,,1,
Advanced analytics platforms,Customer satisfaction,5,SAS,,5.859348628,1.226923077,6,,1,
Advanced analytics platforms,Price-to-value,6,Alteryx,,6.443227963,8.209872979,2,,2,
Advanced analytics platforms,Price-to-value,6,Dataiku,,6.443227963,7.413724843,4,,2,
Advanced analytics platforms,Price-to-value,6,IBM SPSS/WS,,6.443227963,8.716512702,1,,2,
Advanced analytics platforms,Price-to-value,6,Microsoft Azure/SQL Server,,6.443227963,8.140334194,3,,2,
Advanced analytics platforms,Price-to-value,6,RapidMiner,,6.443227963,5.178923058,5,,2,
Advanced analytics platforms,Price-to-value,6,SAS,,6.443227963,1,6,,2,
Advanced analytics platforms,Recommendation,7,Alteryx,,5.413512958,10,1,,2,
Advanced analytics platforms,Recommendation,7,Dataiku,,5.413512958,8.972027972,2,,2,
Advanced analytics platforms,Recommendation,7,IBM SPSS/WS,,5.413512958,7.576923077,3,,2,
Advanced analytics platforms,Recommendation,7,Microsoft Azure/SQL Server,,5.413512958,1.162895928,5,,2,
Advanced analytics platforms,Recommendation,7,RapidMiner,,5.413512958,3.769230769,4,,2,
Advanced analytics platforms,Recommendation,7,SAS,,5.413512958,1,6,,2,
Advanced analytics platforms,Vendor support,8,Alteryx,,5.722527473,10,1,,2,
Advanced analytics platforms,Vendor support,8,Dataiku,,5.722527473,9.1,2,,2,
Advanced analytics platforms,Vendor support,8,IBM SPSS/WS,,5.722527473,1.707142857,6,,2,
Advanced analytics platforms,Vendor support,8,Microsoft Azure/SQL Server,,5.722527473,5.885714286,3,,2,
Advanced analytics platforms,Vendor support,8,RapidMiner,,5.722527473,4.6,4,,2,
Advanced analytics platforms,Vendor support,8,SAS,,5.722527473,3.042307692,5,,2,
Advanced analytics platforms,Product satisfaction,9,Alteryx,,5.961538462,6.832,3,,2,
Advanced analytics platforms,Product satisfaction,9,Dataiku,,5.961538462,10,1,,2,
Advanced analytics platforms,Product satisfaction,9,IBM SPSS/WS,,5.961538462,2.08,5,,2,
Advanced analytics platforms,Product satisfaction,9,Microsoft Azure/SQL Server,,5.961538462,9.208,2,,2,
Advanced analytics platforms,Product satisfaction,9,RapidMiner,,5.961538462,6.649230769,4,,2,
Advanced analytics platforms,Product satisfaction,9,SAS,,5.961538462,1,6,,2,
Advanced analytics platforms,User experience,10,Alteryx,,6.202616992,7.367887807,2,,1,
Advanced analytics platforms,User experience,10,Dataiku,,6.202616992,9.945294762,1,,1,
Advanced analytics platforms,User experience,10,IBM SPSS/WS,,6.202616992,6.016654088,4,,1,
Advanced analytics platforms,User experience,10,Microsoft Azure/SQL Server,,6.202616992,6.010586389,5,,1,
Advanced analytics platforms,User experience,10,RapidMiner,,6.202616992,6.864991327,3,,1,
Advanced analytics platforms,User experience,10,SAS,,6.202616992,1.010287579,6,,1,
Advanced analytics platforms,Ease of use,11,Alteryx,,6.294154562,9.265698843,2,,2,
Advanced analytics platforms,Ease of use,11,Dataiku,,6.294154562,10,1,,2,
Advanced analytics platforms,Ease of use,11,IBM SPSS/WS,,6.294154562,5.011872471,4,,2,
Advanced analytics platforms,Ease of use,11,Microsoft Azure/SQL Server,,6.294154562,3.846148016,5,,2,
Advanced analytics platforms,Ease of use,11,RapidMiner,,6.294154562,8.641208041,3,,2,
Advanced analytics platforms,Ease of use,11,SAS,,6.294154562,1,6,,2,
Advanced analytics platforms,Code-free usage,12,Alteryx,,5.909893897,10,1,,2,
Advanced analytics platforms,Code-free usage,12,Dataiku,,5.909893897,9.580489214,2,,2,
Advanced analytics platforms,Code-free usage,12,IBM SPSS/WS,,5.909893897,3.999451738,4,,2,
Advanced analytics platforms,Code-free usage,12,Microsoft Azure/SQL Server,,5.909893897,2.438309539,5,,2,
Advanced analytics platforms,Code-free usage,12,RapidMiner,,5.909893897,8.441112893,3,,2,
Advanced analytics platforms,Code-free usage,12,SAS,,5.909893897,1,6,,2,
Advanced analytics platforms,User guidance,13,Alteryx,,7.224584104,10,1,,2,
Advanced analytics platforms,User guidance,13,Dataiku,,7.224584104,9.87245841,2,,2,
Advanced analytics platforms,User guidance,13,IBM SPSS/WS,,7.224584104,8.852125693,3,,2,
Advanced analytics platforms,User guidance,13,Microsoft Azure/SQL Server,,7.224584104,5.791127542,5,,2,
Advanced analytics platforms,User guidance,13,RapidMiner,,7.224584104,7.831792976,4,,2,
Advanced analytics platforms,User guidance,13,SAS,,7.224584104,1,6,,2,
Advanced analytics platforms,Collaboration,14,Alteryx,,6.664588221,6.764044944,5,,2,
Advanced analytics platforms,Collaboration,14,Dataiku,,6.664588221,10,1,,2,
Advanced analytics platforms,Collaboration,14,IBM SPSS/WS,,6.664588221,7.13964687,3,,2,
Advanced analytics platforms,Collaboration,14,Microsoft Azure/SQL Server,,6.664588221,7.97752809,2,,2,
Advanced analytics platforms,Collaboration,14,RapidMiner,,6.664588221,7.106309421,4,,2,
Advanced analytics platforms,Collaboration,14,SAS,,6.664588221,1,6,,2,
Advanced analytics platforms,Openness,15,Alteryx,,5.560017264,4.117897217,4,,2,
Advanced analytics platforms,Openness,15,Dataiku,,5.560017264,10,1,,2,
Advanced analytics platforms,Openness,15,IBM SPSS/WS,,5.560017264,6.000017431,3,,2,
Advanced analytics platforms,Openness,15,Microsoft Azure/SQL Server,,5.560017264,8.127642194,2,,2,
Advanced analytics platforms,Openness,15,RapidMiner,,5.560017264,4.080254813,5,,2,
Advanced analytics platforms,Openness,15,SAS,,5.560017264,1.034291931,6,,2,
Advanced analytics platforms,Data management,16,Alteryx,,6.327811296,8.978747794,1,,1,
Advanced analytics platforms,Data management,16,Dataiku,,6.327811296,6.580642345,3,,1,
Advanced analytics platforms,Data management,16,IBM SPSS/WS,,6.327811296,3.733146208,6,,1,
Advanced analytics platforms,Data management,16,Microsoft Azure/SQL Server,,6.327811296,7.340066758,2,,1,
Advanced analytics platforms,Data management,16,RapidMiner,,6.327811296,5.849614721,4,,1,
Advanced analytics platforms,Data management,16,SAS,,6.327811296,5.484649953,5,,1,
Advanced analytics platforms,Performance satisfaction,17,Alteryx,,5.166715867,10,1,,2,
Advanced analytics platforms,Performance satisfaction,17,Dataiku,,5.166715867,3.68683308,5,,2,
Advanced analytics platforms,Performance satisfaction,17,IBM SPSS/WS,,5.166715867,1,6,,2,
Advanced analytics platforms,Performance satisfaction,17,Microsoft Azure/SQL Server,,5.166715867,4.77757255,3,,2,
Advanced analytics platforms,Performance satisfaction,17,RapidMiner,,5.166715867,7.250464542,2,,2,
Advanced analytics platforms,Performance satisfaction,17,SAS,,5.166715867,4.285425032,4,,2,
Advanced analytics platforms,Data volume,18,Alteryx,,6.452397867,10,1,,2,
Advanced analytics platforms,Data volume,18,Dataiku,,6.452397867,6.181611954,4,,2,
Advanced analytics platforms,Data volume,18,IBM SPSS/WS,,6.452397867,3.738461784,5,,2,
Advanced analytics platforms,Data volume,18,Microsoft Azure/SQL Server,,6.452397867,8.198676675,2,,2,
Advanced analytics platforms,Data volume,18,RapidMiner,,6.452397867,3.183849959,6,,2,
Advanced analytics platforms,Data volume,18,SAS,,6.452397867,7.411786827,3,,2,
Advanced analytics platforms,Data variety,19,Alteryx,,5.837414945,8.392273788,3,,2,
Advanced analytics platforms,Data variety,19,Dataiku,,5.837414945,9.221415608,2,,2,
Advanced analytics platforms,Data variety,19,IBM SPSS/WS,,5.837414945,1.226955774,6,,2,
Advanced analytics platforms,Data variety,19,Microsoft Azure/SQL Server,,5.837414945,9.687733533,1,,2,
Advanced analytics platforms,Data variety,19,RapidMiner,,5.837414945,3.943220119,4,,2,
Advanced analytics platforms,Data variety,19,SAS,,5.837414945,2.552890848,5,,2,
Advanced analytics platforms,Governance,20,Alteryx,,8.190066046,6.718854283,6,,2,
Advanced analytics platforms,Governance,20,Dataiku,,8.190066046,10,1,,2,
Advanced analytics platforms,Governance,20,IBM SPSS/WS,,8.190066046,9.080645161,3,,2,
Advanced analytics platforms,Governance,20,Microsoft Azure/SQL Server,,8.190066046,9.151364764,2,,2,
Advanced analytics platforms,Governance,20,RapidMiner,,8.190066046,7.367302053,4,,2,
Advanced analytics platforms,Governance,20,SAS,,8.190066046,6.822230014,5,,2,
Advanced analytics platforms,Analytics,21,Alteryx,,6.116478626,6.430247322,3,,1,
Advanced analytics platforms,Analytics,21,Dataiku,,6.116478626,9.552876481,1,,1,
Advanced analytics platforms,Analytics,21,IBM SPSS/WS,,6.116478626,4.265852128,5,,1,
Advanced analytics platforms,Analytics,21,Microsoft Azure/SQL Server,,6.116478626,5.009082065,4,,1,
Advanced analytics platforms,Analytics,21,RapidMiner,,6.116478626,4.184932371,6,,1,
Advanced analytics platforms,Analytics,21,SAS,,6.116478626,7.255881387,2,,1,
Advanced analytics platforms,Data preparation,22,Alteryx,,6.184542768,9.519589393,2,,2,
Advanced analytics platforms,Data preparation,22,Dataiku,,6.184542768,10,1,,2,
Advanced analytics platforms,Data preparation,22,IBM SPSS/WS,,6.184542768,2.903246139,6,,2,
Advanced analytics platforms,Data preparation,22,Microsoft Azure/SQL Server,,6.184542768,5.3589292,4,,2,
Advanced analytics platforms,Data preparation,22,RapidMiner,,6.184542768,3.286569718,5,,2,
Advanced analytics platforms,Data preparation,22,SAS,,6.184542768,6.038922156,3,,2,
Advanced analytics platforms,Data visualization,23,Alteryx,,4.509280837,2.523738429,5,,2,
Advanced analytics platforms,Data visualization,23,Dataiku,,4.509280837,7.475888325,1,,2,
Advanced analytics platforms,Data visualization,23,IBM SPSS/WS,,4.509280837,1,6,,2,
Advanced analytics platforms,Data visualization,23,Microsoft Azure/SQL Server,,4.509280837,5.605076142,3,,2,
Advanced analytics platforms,Data visualization,23,RapidMiner,,4.509280837,3.110659898,4,,2,
Advanced analytics platforms,Data visualization,23,SAS,,4.509280837,7.340322225,2,,2,
Advanced analytics platforms,Visual analysis,24,Alteryx,,5.588331709,4.176470588,5,,2,
Advanced analytics platforms,Visual analysis,24,Dataiku,,5.588331709,9.25,1,,2,
Advanced analytics platforms,Visual analysis,24,IBM SPSS/WS,,5.588331709,5.857142857,4,,2,
Advanced analytics platforms,Visual analysis,24,Microsoft Azure/SQL Server,,5.588331709,1,6,,2,
Advanced analytics platforms,Visual analysis,24,RapidMiner,,5.588331709,6.333333333,3,,2,
Advanced analytics platforms,Visual analysis,24,SAS,,5.588331709,6.913043478,2,,2,
Advanced analytics platforms,Advanced analytics breadth,25,Alteryx,,6.936245024,6.145592705,4,,2,
Advanced analytics platforms,Advanced analytics breadth,25,Dataiku,,6.936245024,10,1,,2,
Advanced analytics platforms,Advanced analytics breadth,25,IBM SPSS/WS,,6.936245024,5.656215006,5,,2,
Advanced analytics platforms,Advanced analytics breadth,25,Microsoft Azure/SQL Server,,6.936245024,7.133291615,3,,2,
Advanced analytics platforms,Advanced analytics breadth,25,RapidMiner,,6.936245024,4.009118541,6,,2,
Advanced analytics platforms,Advanced analytics breadth,25,SAS,,6.936245024,8.67325228,2,,2,
Advanced analytics platforms,Operationalization,26,Alteryx,,5.757234357,2.427997228,6,,1,
Advanced analytics platforms,Operationalization,26,Dataiku,,5.757234357,8.003088803,2,,1,
Advanced analytics platforms,Operationalization,26,IBM SPSS/WS,,5.757234357,5.459459459,3,,1,
Advanced analytics platforms,Operationalization,26,Microsoft Azure/SQL Server,,5.757234357,4.773745174,4,,1,
Advanced analytics platforms,Operationalization,26,RapidMiner,,5.757234357,3.879115479,5,,1,
Advanced analytics platforms,Operationalization,26,SAS,,5.757234357,10,1,,1,
Advanced analytics platforms,Model scoring,27,Alteryx,,5.574182574,2.403326403,6,,2,
Advanced analytics platforms,Model scoring,27,Dataiku,,5.574182574,8.864864865,2,,2,
Advanced analytics platforms,Model scoring,27,IBM SPSS/WS,,5.574182574,4.648648649,3,,2,
Advanced analytics platforms,Model scoring,27,Microsoft Azure/SQL Server,,5.574182574,4.648648649,3,,2,
Advanced analytics platforms,Model scoring,27,RapidMiner,,5.574182574,2.87960688,5,,2,
Advanced analytics platforms,Model scoring,27,SAS,,5.574182574,10,1,,2,
Advanced analytics platforms,Model management,28,Alteryx,,5.879268879,2.444444444,6,,2,
Advanced analytics platforms,Model management,28,Dataiku,,5.879268879,7.428571429,2,,2,
Advanced analytics platforms,Model management,28,IBM SPSS/WS,,5.879268879,6,3,,2,
Advanced analytics platforms,Model management,28,Microsoft Azure/SQL Server,,5.879268879,4.857142857,4,,2,
Advanced analytics platforms,Model management,28,RapidMiner,,5.879268879,4.545454545,5,,2,
Advanced analytics platforms,Model management,28,SAS,,5.879268879,10,1,,2,
Data discovery products,Business value,1,IBM SPSS/WS/CA,,3.821192521,2.032423796,6,,1,
Data discovery products,Business value,1,Microsoft Azure/SQL Server,,3.821192521,2.104680263,5,,1,
Data discovery products,Business value,1,Microsoft Power BI,,3.821192521,5.478577123,2,,1,
Data discovery products,Business value,1,Qlik,,3.821192521,8.110140623,1,,1,
Data discovery products,Business value,1,RapidMiner,,3.821192521,3.921307624,3,,1,
Data discovery products,Business value,1,SAS,,3.821192521,1.701248197,7,,1,
Data discovery products,Business value,1,Tableau,,3.821192521,3.39997002,4,,1,
Data discovery products,Business benefits,2,IBM SPSS/WS/CA,,3.632064562,1.626251485,6,,2,
Data discovery products,Business benefits,2,Microsoft Azure/SQL Server,,3.632064562,1,7,,2,
Data discovery products,Business benefits,2,Microsoft Power BI,,3.632064562,6.418491074,2,,2,
Data discovery products,Business benefits,2,Qlik,,3.632064562,9.761968917,1,,2,
Data discovery products,Business benefits,2,RapidMiner,,3.632064562,2.338834624,3,,2,
Data discovery products,Business benefits,2,SAS,,3.632064562,2.154789973,4,,2,
Data discovery products,Business benefits,2,Tableau,,3.632064562,2.124115864,5,,2,
Data discovery products,Project success,3,IBM SPSS/WS/CA,,3.853994106,1.795508839,5,,2,
Data discovery products,Project success,3,Microsoft Azure/SQL Server,,3.853994106,1.465416936,6,,2,
Data discovery products,Project success,3,Microsoft Power BI,,3.853994106,4.214285714,4,,2,
Data discovery products,Project success,3,Qlik,,3.853994106,7.32967033,1,,2,
Data discovery products,Project success,3,RapidMiner,,3.853994106,4.659340659,3,,2,
Data discovery products,Project success,3,SAS,,3.853994106,1,7,,2,
Data discovery products,Project success,3,Tableau,,3.853994106,6.513736264,2,,2,
Data discovery products,Project length,4,IBM SPSS/WS/CA,,4.322973226,3.724770642,5,,2,
Data discovery products,Project length,4,Microsoft Azure/SQL Server,,4.322973226,6.697247706,2,,2,
Data discovery products,Project length,4,Microsoft Power BI,,4.322973226,5.187418087,3,,2,
Data discovery products,Project length,4,Qlik,,4.322973226,4.71559633,4,,2,
Data discovery products,Project length,4,RapidMiner,,4.322973226,7.19266055,1,,2,
Data discovery products,Project length,4,SAS,,4.322973226,1.743119266,6,,2,
Data discovery products,Project length,4,Tableau,,4.322973226,1,7,,2,
Data discovery products,Customer satisfaction,5,IBM SPSS/WS/CA,,5.292352723,4.143793039,6,,1,
Data discovery products,Customer satisfaction,5,Microsoft Azure/SQL Server,,5.292352723,5.919896717,4,,1,
Data discovery products,Customer satisfaction,5,Microsoft Power BI,,5.292352723,8.160659551,1,,1,
Data discovery products,Customer satisfaction,5,Qlik,,5.292352723,6.242347182,2,,1,
Data discovery products,Customer satisfaction,5,RapidMiner,,5.292352723,5.134803415,5,,1,
Data discovery products,Customer satisfaction,5,SAS,,5.292352723,1.226923077,7,,1,
Data discovery products,Customer satisfaction,5,Tableau,,5.292352723,6.218046079,3,,1,
Data discovery products,Price-to-value,6,IBM SPSS/WS/CA,,7.05404481,7.928406467,4,,2,
Data discovery products,Price-to-value,6,Microsoft Azure/SQL Server,,7.05404481,8.140334194,3,,2,
Data discovery products,Price-to-value,6,Microsoft Power BI,,7.05404481,10,1,,2,
Data discovery products,Price-to-value,6,Qlik,,7.05404481,9.459584296,2,,2,
Data discovery products,Price-to-value,6,RapidMiner,,7.05404481,5.178923058,6,,2,
Data discovery products,Price-to-value,6,SAS,,7.05404481,1,7,,2,
Data discovery products,Price-to-value,6,Tableau,,7.05404481,7.671065655,5,,2,
Data discovery products,Recommendation,7,IBM SPSS/WS/CA,,4.297236012,4.732441472,4,,2,
Data discovery products,Recommendation,7,Microsoft Azure/SQL Server,,4.297236012,1.162895928,6,,2,
Data discovery products,Recommendation,7,Microsoft Power BI,,4.297236012,6.916083916,1,,2,
Data discovery products,Recommendation,7,Qlik,,4.297236012,6.538461538,2,,2,
Data discovery products,Recommendation,7,RapidMiner,,4.297236012,3.769230769,5,,2,
Data discovery products,Recommendation,7,SAS,,4.297236012,1,7,,2,
Data discovery products,Recommendation,7,Tableau,,4.297236012,5.961538462,3,,2,
Data discovery products,Vendor support,8,IBM SPSS/WS/CA,,4.593047178,1,7,,2,
Data discovery products,Vendor support,8,Microsoft Azure/SQL Server,,4.593047178,5.885714286,2,,2,
Data discovery products,Vendor support,8,Microsoft Power BI,,4.593047178,5.073684211,3,,2,
Data discovery products,Vendor support,8,Qlik,,4.593047178,4.278571429,5,,2,
Data discovery products,Vendor support,8,RapidMiner,,4.593047178,4.6,4,,2,
Data discovery products,Vendor support,8,SAS,,4.593047178,3.042307692,6,,2,
Data discovery products,Vendor support,8,Tableau,,4.593047178,8.271052632,1,,2,
Data discovery products,Product satisfaction,9,IBM SPSS/WS/CA,,5.34610989,2.08,6,,2,
Data discovery products,Product satisfaction,9,Microsoft Azure/SQL Server,,5.34610989,9.208,1,,2,
Data discovery products,Product satisfaction,9,Microsoft Power BI,,5.34610989,9.208,1,,2,
Data discovery products,Product satisfaction,9,Qlik,,5.34610989,4.456,5,,2,
Data discovery products,Product satisfaction,9,RapidMiner,,5.34610989,6.649230769,3,,2,
Data discovery products,Product satisfaction,9,SAS,,5.34610989,1,7,,2,
Data discovery products,Product satisfaction,9,Tableau,,5.34610989,4.821538462,4,,2,
Data discovery products,User experience,10,IBM SPSS/WS/CA,,4.560043042,5.66415469,3,,1,
Data discovery products,User experience,10,Microsoft Azure/SQL Server,,4.560043042,6.010586389,2,,1,
Data discovery products,User experience,10,Microsoft Power BI,,4.560043042,4.923276957,4,,1,
Data discovery products,User experience,10,Qlik,,4.560043042,3.234026332,6,,1,
Data discovery products,User experience,10,RapidMiner,,4.560043042,6.864991327,1,,1,
Data discovery products,User experience,10,SAS,,4.560043042,1.010287579,7,,1,
Data discovery products,User experience,10,Tableau,,4.560043042,4.212978022,5,,1,
Data discovery products,Ease of use,11,IBM SPSS/WS/CA,,4.351408893,4.853736972,3,,2,
Data discovery products,Ease of use,11,Microsoft Azure/SQL Server,,4.351408893,3.846148016,5,,2,
Data discovery products,Ease of use,11,Microsoft Power BI,,4.351408893,4.610530603,4,,2,
Data discovery products,Ease of use,11,Qlik,,4.351408893,2.371494579,6,,2,
Data discovery products,Ease of use,11,RapidMiner,,4.351408893,8.641208041,1,,2,
Data discovery products,Ease of use,11,SAS,,4.351408893,1,7,,2,
Data discovery products,Ease of use,11,Tableau,,4.351408893,5.136744039,2,,2,
Data discovery products,Code-free usage,12,IBM SPSS/WS/CA,,4.132101829,5.524253958,3,,2,
Data discovery products,Code-free usage,12,Microsoft Azure/SQL Server,,4.132101829,2.438309539,5,,2,
Data discovery products,Code-free usage,12,Microsoft Power BI,,4.132101829,4.019854589,4,,2,
Data discovery products,Code-free usage,12,Qlik,,4.132101829,1.28858463,6,,2,
Data discovery products,Code-free usage,12,RapidMiner,,4.132101829,8.441112893,1,,2,
Data discovery products,Code-free usage,12,SAS,,4.132101829,1,7,,2,
Data discovery products,Code-free usage,12,Tableau,,4.132101829,6.212597192,2,,2,
Data discovery products,User guidance,13,IBM SPSS/WS/CA,,6.360232374,8.852125693,2,,2,
Data discovery products,User guidance,13,Microsoft Azure/SQL Server,,6.360232374,5.791127542,4,,2,
Data discovery products,User guidance,13,Microsoft Power BI,,6.360232374,5.791127542,4,,2,
Data discovery products,User guidance,13,Qlik,,6.360232374,5.791127542,4,,2,
Data discovery products,User guidance,13,RapidMiner,,6.360232374,7.831792976,3,,2,
Data discovery products,User guidance,13,SAS,,6.360232374,1,7,,2,
Data discovery products,User guidance,13,Tableau,,6.360232374,9.464325323,1,,2,
Data discovery products,Collaboration,14,IBM SPSS/WS/CA,,5.542432139,5.657007688,4,,2,
Data discovery products,Collaboration,14,Microsoft Azure/SQL Server,,5.542432139,7.97752809,1,,2,
Data discovery products,Collaboration,14,Microsoft Power BI,,5.542432139,5.550561798,5,,2,
Data discovery products,Collaboration,14,Qlik,,5.542432139,7.573033708,2,,2,
Data discovery products,Collaboration,14,RapidMiner,,5.542432139,7.106309421,3,,2,
Data discovery products,Collaboration,14,SAS,,5.542432139,1,7,,2,
Data discovery products,Collaboration,14,Tableau,,5.542432139,3.93258427,6,,2,
Data discovery products,Openness,15,IBM SPSS/WS/CA,,3.656335088,5.463313651,2,,2,
Data discovery products,Openness,15,Microsoft Azure/SQL Server,,3.656335088,8.127642194,1,,2,
Data discovery products,Openness,15,Microsoft Power BI,,3.656335088,4.829690679,3,,2,
Data discovery products,Openness,15,Qlik,,3.656335088,1,7,,2,
Data discovery products,Openness,15,RapidMiner,,3.656335088,4.080254813,4,,2,
Data discovery products,Openness,15,SAS,,3.656335088,1.034291931,6,,2,
Data discovery products,Openness,15,Tableau,,3.656335088,1.05915235,5,,2,
Data discovery products,Data management,16,IBM SPSS/WS/CA,,5.65295715,4.496010307,6,,1,
Data discovery products,Data management,16,Microsoft Azure/SQL Server,,5.65295715,7.340066758,1,,1,
Data discovery products,Data management,16,Microsoft Power BI,,5.65295715,5.504104594,4,,1,
Data discovery products,Data management,16,Qlik,,5.65295715,7.217948639,2,,1,
Data discovery products,Data management,16,RapidMiner,,5.65295715,5.849614721,3,,1,
Data discovery products,Data management,16,SAS,,5.65295715,5.484649953,5,,1,
Data discovery products,Data management,16,Tableau,,5.65295715,3.678305079,7,,1,
Data discovery products,Performance satisfaction,17,IBM SPSS/WS/CA,,5.450023286,3.160158243,7,,2,
Data discovery products,Performance satisfaction,17,Microsoft Azure/SQL Server,,5.450023286,4.77757255,5,,2,
Data discovery products,Performance satisfaction,17,Microsoft Power BI,,5.450023286,6.609799935,2,,2,
Data discovery products,Performance satisfaction,17,Qlik,,5.450023286,5.832417378,4,,2,
Data discovery products,Performance satisfaction,17,RapidMiner,,5.450023286,7.250464542,1,,2,
Data discovery products,Performance satisfaction,17,SAS,,5.450023286,4.285425032,6,,2,
Data discovery products,Performance satisfaction,17,Tableau,,5.450023286,6.23432532,3,,2,
Data discovery products,Data volume,18,IBM SPSS/WS/CA,,5.45766623,4.122836123,5,,2,
Data discovery products,Data volume,18,Microsoft Azure/SQL Server,,5.45766623,8.198676675,1,,2,
Data discovery products,Data volume,18,Microsoft Power BI,,5.45766623,6.101718473,4,,2,
Data discovery products,Data volume,18,Qlik,,5.45766623,8.184795549,2,,2,
Data discovery products,Data volume,18,RapidMiner,,5.45766623,3.183849959,6,,2,
Data discovery products,Data volume,18,SAS,,5.45766623,7.411786827,3,,2,
Data discovery products,Data volume,18,Tableau,,5.45766623,1,7,,2,
Data discovery products,Data variety,19,IBM SPSS/WS/CA,,4.894841966,1,7,,2,
Data discovery products,Data variety,19,Microsoft Azure/SQL Server,,4.894841966,9.687733533,2,,2,
Data discovery products,Data variety,19,Microsoft Power BI,,4.894841966,10,1,,2,
Data discovery products,Data variety,19,Qlik,,4.894841966,5.94529427,3,,2,
Data discovery products,Data variety,19,RapidMiner,,4.894841966,3.943220119,4,,2,
Data discovery products,Data variety,19,SAS,,4.894841966,2.552890848,5,,2,
Data discovery products,Data variety,19,Tableau,,4.894841966,1.134754991,6,,2,
Data discovery products,Governance,20,IBM SPSS/WS/CA,,6.53170646,8.620967742,3,,2,
Data discovery products,Governance,20,Microsoft Azure/SQL Server,,6.53170646,9.151364764,1,,2,
Data discovery products,Governance,20,Microsoft Power BI,,6.53170646,1,7,,2,
Data discovery products,Governance,20,Qlik,,6.53170646,8.965725806,2,,2,
Data discovery products,Governance,20,RapidMiner,,6.53170646,7.367302053,4,,2,
Data discovery products,Governance,20,SAS,,6.53170646,6.822230014,5,,2,
Data discovery products,Governance,20,Tableau,,6.53170646,3.794354839,6,,2,
Data discovery products,Analytics,21,IBM SPSS/WS/CA,,5.858831004,4.335224946,5,,1,
Data discovery products,Analytics,21,Microsoft Azure/SQL Server,,5.858831004,5.009082065,4,,1,
Data discovery products,Analytics,21,Microsoft Power BI,,5.858831004,8.074024243,2,,1,
Data discovery products,Analytics,21,Qlik,,5.858831004,8.461423657,1,,1,
Data discovery products,Analytics,21,RapidMiner,,5.858831004,4.184932371,6,,1,
Data discovery products,Analytics,21,SAS,,5.858831004,7.255881387,3,,1,
Data discovery products,Analytics,21,Tableau,,5.858831004,3.691248355,7,,1,
Data discovery products,Data preparation,22,IBM SPSS/WS/CA,,4.566428967,3.371257485,5,,2,
Data discovery products,Data preparation,22,Microsoft Azure/SQL Server,,4.566428967,5.3589292,4,,2,
Data discovery products,Data preparation,22,Microsoft Power BI,,4.566428967,7.251497006,1,,2,
Data discovery products,Data preparation,22,Qlik,,4.566428967,5.657827203,3,,2,
Data discovery products,Data preparation,22,RapidMiner,,4.566428967,3.286569718,6,,2,
Data discovery products,Data preparation,22,SAS,,4.566428967,6.038922156,2,,2,
Data discovery products,Data preparation,22,Tableau,,4.566428967,1,7,,2,
Data discovery products,Data visualization,23,IBM SPSS/WS/CA,,6.883052822,3.110659898,6,,2,
Data discovery products,Data visualization,23,Microsoft Azure/SQL Server,,6.883052822,5.605076142,5,,2,
Data discovery products,Data visualization,23,Microsoft Power BI,,6.883052822,9.460083064,3,,2,
Data discovery products,Data visualization,23,Qlik,,6.883052822,10,1,,2,
Data discovery products,Data visualization,23,RapidMiner,,6.883052822,3.110659898,6,,2,
Data discovery products,Data visualization,23,SAS,,6.883052822,7.340322225,4,,2,
Data discovery products,Data visualization,23,Tableau,,6.883052822,9.554568528,2,,2,
Data discovery products,Visual analysis,24,IBM SPSS/WS/CA,,6.702172569,5.380952381,6,,2,
Data discovery products,Visual analysis,24,Microsoft Azure/SQL Server,,6.702172569,1,7,,2,
Data discovery products,Visual analysis,24,Microsoft Power BI,,6.702172569,8.454545455,3,,2,
Data discovery products,Visual analysis,24,Qlik,,6.702172569,10,1,,2,
Data discovery products,Visual analysis,24,RapidMiner,,6.702172569,6.333333333,5,,2,
Data discovery products,Visual analysis,24,SAS,,6.702172569,6.913043478,4,,2,
Data discovery products,Visual analysis,24,Tableau,,6.702172569,8.833333333,2,,2,
Data discovery products,Advanced analytics breadth,25,IBM SPSS/WS/CA,,6.247598057,5.010229133,5,,2,
Data discovery products,Advanced analytics breadth,25,Microsoft Azure/SQL Server,,6.247598057,7.133291615,4,,2,
Data discovery products,Advanced analytics breadth,25,Microsoft Power BI,,6.247598057,8.180851064,3,,2,
Data discovery products,Advanced analytics breadth,25,Qlik,,6.247598057,9.726443769,1,,2,
Data discovery products,Advanced analytics breadth,25,RapidMiner,,6.247598057,4.009118541,6,,2,
Data discovery products,Advanced analytics breadth,25,SAS,,6.247598057,8.67325228,2,,2,
Data discovery products,Advanced analytics breadth,25,Tableau,,6.247598057,1,7,,2,
Data discovery products,Operationalization,26,IBM SPSS/WS/CA,,n/a,n/a,n/a,,1,
Data discovery products,Operationalization,26,Microsoft Azure/SQL Server,,n/a,n/a,n/a,,1,
Data discovery products,Operationalization,26,Microsoft Power BI,,n/a,n/a,n/a,,1,
Data discovery products,Operationalization,26,Qlik,,n/a,n/a,n/a,,1,
Data discovery products,Operationalization,26,RapidMiner,,n/a,n/a,n/a,,1,
Data discovery products,Operationalization,26,SAS,,n/a,n/a,n/a,,1,
Data discovery products,Operationalization,26,Tableau,,n/a,n/a,n/a,,1,
Data discovery products,Model scoring,27,IBM SPSS/WS/CA,,n/a,n/a,n/a,,2,
Data discovery products,Model scoring,27,Microsoft Azure/SQL Server,,n/a,n/a,n/a,,2,
Data discovery products,Model scoring,27,Microsoft Power BI,,n/a,n/a,n/a,,2,
Data discovery products,Model scoring,27,Qlik,,n/a,n/a,n/a,,2,
Data discovery products,Model scoring,27,RapidMiner,,n/a,n/a,n/a,,2,
Data discovery products,Model scoring,27,SAS,,n/a,n/a,n/a,,2,
Data discovery products,Model scoring,27,Tableau,,n/a,n/a,n/a,,2,
Data discovery products,Model management,28,IBM SPSS/WS/CA,,n/a,n/a,n/a,,2,
Data discovery products,Model management,28,Microsoft Azure/SQL Server,,n/a,n/a,n/a,,2,
Data discovery products,Model management,28,Microsoft Power BI,,n/a,n/a,n/a,,2,
Data discovery products,Model management,28,Qlik,,n/a,n/a,n/a,,2,
Data discovery products,Model management,28,RapidMiner,,n/a,n/a,n/a,,2,
Data discovery products,Model management,28,SAS,,n/a,n/a,n/a,,2,
Data discovery products,Model management,28,Tableau,,n/a,n/a,n/a,,2,
Data preparation products,Business value,1,Alteryx,,5.043429741,9.95954046,1,,1,
Data preparation products,Business value,1,Dataiku,,5.043429741,9.490475832,2,,1,
Data preparation products,Business value,1,IBM SPSS/WS,,5.043429741,4.235933472,5,,1,
Data preparation products,Business value,1,IBM SPSS/WS/CA,,5.043429741,2.032423796,9,,1,
Data preparation products,Business value,1,Microsoft Azure/SQL Server,,5.043429741,2.104680263,8,,1,
Data preparation products,Business value,1,Microsoft Power BI,,5.043429741,5.478577123,4,,1,
Data preparation products,Business value,1,Qlik,,5.043429741,8.110140623,3,,1,
Data preparation products,Business value,1,RapidMiner,,5.043429741,3.921307624,6,,1,
Data preparation products,Business value,1,SAS,,5.043429741,1.701248197,10,,1,
Data preparation products,Business value,1,Tableau,,5.043429741,3.39997002,7,,1,
Data preparation products,Business benefits,2,Alteryx,,4.844313048,10,1,,2,
Data preparation products,Business benefits,2,Dataiku,,4.844313048,9.326954285,3,,2,
Data preparation products,Business benefits,2,IBM SPSS/WS,,4.844313048,3.691724258,5,,2,
Data preparation products,Business benefits,2,IBM SPSS/WS/CA,,4.844313048,1.626251485,9,,2,
Data preparation products,Business benefits,2,Microsoft Azure/SQL Server,,4.844313048,1,10,,2,
Data preparation products,Business benefits,2,Microsoft Power BI,,4.844313048,6.418491074,4,,2,
Data preparation products,Business benefits,2,Qlik,,4.844313048,9.761968917,2,,2,
Data preparation products,Business benefits,2,RapidMiner,,4.844313048,2.338834624,6,,2,
Data preparation products,Business benefits,2,SAS,,4.844313048,2.154789973,7,,2,
Data preparation products,Business benefits,2,Tableau,,4.844313048,2.124115864,8,,2,
Data preparation products,Project success,3,Alteryx,,5.06781703,9.878621379,2,,2,
Data preparation products,Project success,3,Dataiku,,5.06781703,10,1,,2,
Data preparation products,Project success,3,IBM SPSS/WS,,5.06781703,3.821590175,7,,2,
Data preparation products,Project success,3,IBM SPSS/WS/CA,,5.06781703,1.795508839,8,,2,
Data preparation products,Project success,3,Microsoft Azure/SQL Server,,5.06781703,1.465416936,9,,2,
Data preparation products,Project success,3,Microsoft Power BI,,5.06781703,4.214285714,6,,2,
Data preparation products,Project success,3,Qlik,,5.06781703,7.32967033,3,,2,
Data preparation products,Project success,3,RapidMiner,,5.06781703,4.659340659,5,,2,
Data preparation products,Project success,3,SAS,,5.06781703,1,10,,2,
Data preparation products,Project success,3,Tableau,,5.06781703,6.513736264,4,,2,
Data preparation products,Project length,4,Alteryx,,5.592005242,10,1,,2,
Data preparation products,Project length,4,Dataiku,,5.592005242,8.961992136,2,,2,
Data preparation products,Project length,4,IBM SPSS/WS,,5.592005242,6.697247706,4,,2,
Data preparation products,Project length,4,IBM SPSS/WS/CA,,5.592005242,3.724770642,8,,2,
Data preparation products,Project length,4,Microsoft Azure/SQL Server,,5.592005242,6.697247706,5,,2,
Data preparation products,Project length,4,Microsoft Power BI,,5.592005242,5.187418087,6,,2,
Data preparation products,Project length,4,Qlik,,5.592005242,4.71559633,7,,2,
Data preparation products,Project length,4,RapidMiner,,5.592005242,7.19266055,3,,2,
Data preparation products,Project length,4,SAS,,5.592005242,1.743119266,9,,2,
Data preparation products,Project length,4,Tableau,,5.592005242,1,10,,2,
Data preparation products,Customer satisfaction,5,Alteryx,,5.992093762,8.546193995,2,,1,
Data preparation products,Customer satisfaction,5,Dataiku,,5.992093762,8.982614845,1,,1,
Data preparation products,Customer satisfaction,5,IBM SPSS/WS,,5.992093762,5.345659721,7,,1,
Data preparation products,Customer satisfaction,5,IBM SPSS/WS/CA,,5.992093762,4.143793039,9,,1,
Data preparation products,Customer satisfaction,5,Microsoft Azure/SQL Server,,5.992093762,5.919896717,6,,1,
Data preparation products,Customer satisfaction,5,Microsoft Power BI,,5.992093762,8.160659551,3,,1,
Data preparation products,Customer satisfaction,5,Qlik,,5.992093762,6.242347182,4,,1,
Data preparation products,Customer satisfaction,5,RapidMiner,,5.992093762,5.134803415,8,,1,
Data preparation products,Customer satisfaction,5,SAS,,5.992093762,1.226923077,10,,1,
Data preparation products,Customer satisfaction,5,Tableau,,5.992093762,6.218046079,5,,1,
Data preparation products,Price-to-value,6,Alteryx,,7.371842419,8.209872979,4,,2,
Data preparation products,Price-to-value,6,Dataiku,,7.371842419,7.413724843,8,,2,
Data preparation products,Price-to-value,6,IBM SPSS/WS,,7.371842419,8.716512702,3,,2,
Data preparation products,Price-to-value,6,IBM SPSS/WS/CA,,7.371842419,7.928406467,6,,2,
Data preparation products,Price-to-value,6,Microsoft Azure/SQL Server,,7.371842419,8.140334194,5,,2,
Data preparation products,Price-to-value,6,Microsoft Power BI,,7.371842419,10,1,,2,
Data preparation products,Price-to-value,6,Qlik,,7.371842419,9.459584296,2,,2,
Data preparation products,Price-to-value,6,RapidMiner,,7.371842419,5.178923058,9,,2,
Data preparation products,Price-to-value,6,SAS,,7.371842419,1,10,,2,
Data preparation products,Price-to-value,6,Tableau,,7.371842419,7.671065655,7,,2,
Data preparation products,Recommendation,7,Alteryx,,5.662960313,10,1,,2,
Data preparation products,Recommendation,7,Dataiku,,5.662960313,8.972027972,2,,2,
Data preparation products,Recommendation,7,IBM SPSS/WS,,5.662960313,7.576923077,3,,2,
Data preparation products,Recommendation,7,IBM SPSS/WS/CA,,5.662960313,4.732441472,7,,2,
Data preparation products,Recommendation,7,Microsoft Azure/SQL Server,,5.662960313,1.162895928,9,,2,
Data preparation products,Recommendation,7,Microsoft Power BI,,5.662960313,6.916083916,4,,2,
Data preparation products,Recommendation,7,Qlik,,5.662960313,6.538461538,5,,2,
Data preparation products,Recommendation,7,RapidMiner,,5.662960313,3.769230769,8,,2,
Data preparation products,Recommendation,7,SAS,,5.662960313,1,10,,2,
Data preparation products,Recommendation,7,Tableau,,5.662960313,5.961538462,6,,2,
Data preparation products,Vendor support,8,Alteryx,,5.295847311,10,1,,2,
Data preparation products,Vendor support,8,Dataiku,,5.295847311,9.1,2,,2,
Data preparation products,Vendor support,8,IBM SPSS/WS,,5.295847311,1.707142857,9,,2,
Data preparation products,Vendor support,8,IBM SPSS/WS/CA,,5.295847311,1,10,,2,
Data preparation products,Vendor support,8,Microsoft Azure/SQL Server,,5.295847311,5.885714286,4,,2,
Data preparation products,Vendor support,8,Microsoft Power BI,,5.295847311,5.073684211,5,,2,
Data preparation products,Vendor support,8,Qlik,,5.295847311,4.278571429,7,,2,
Data preparation products,Vendor support,8,RapidMiner,,5.295847311,4.6,6,,2,
Data preparation products,Vendor support,8,SAS,,5.295847311,3.042307692,8,,2,
Data preparation products,Vendor support,8,Tableau,,5.295847311,8.271052632,3,,2,
Data preparation products,Product satisfaction,9,Alteryx,,5.633476923,6.832,4,,2,
Data preparation products,Product satisfaction,9,Dataiku,,5.633476923,10,1,,2,
Data preparation products,Product satisfaction,9,IBM SPSS/WS,,5.633476923,2.08,8,,2,
Data preparation products,Product satisfaction,9,IBM SPSS/WS/CA,,5.633476923,2.08,9,,2,
Data preparation products,Product satisfaction,9,Microsoft Azure/SQL Server,,5.633476923,9.208,2,,2,
Data preparation products,Product satisfaction,9,Microsoft Power BI,,5.633476923,9.208,2,,2,
Data preparation products,Product satisfaction,9,Qlik,,5.633476923,4.456,7,,2,
Data preparation products,Product satisfaction,9,RapidMiner,,5.633476923,6.649230769,5,,2,
Data preparation products,Product satisfaction,9,SAS,,5.633476923,1,10,,2,
Data preparation products,Product satisfaction,9,Tableau,,5.633476923,4.821538462,6,,2,
Data preparation products,User experience,10,Alteryx,,5.525013795,7.367887807,2,,1,
Data preparation products,User experience,10,Dataiku,,5.525013795,9.945294762,1,,1,
Data preparation products,User experience,10,IBM SPSS/WS,,5.525013795,6.016654088,4,,1,
Data preparation products,User experience,10,IBM SPSS/WS/CA,,5.525013795,5.66415469,6,,1,
Data preparation products,User experience,10,Microsoft Azure/SQL Server,,5.525013795,6.010586389,5,,1,
Data preparation products,User experience,10,Microsoft Power BI,,5.525013795,4.923276957,7,,1,
Data preparation products,User experience,10,Qlik,,5.525013795,3.234026332,9,,1,
Data preparation products,User experience,10,RapidMiner,,5.525013795,6.864991327,3,,1,
Data preparation products,User experience,10,SAS,,5.525013795,1.010287579,10,,1,
Data preparation products,User experience,10,Tableau,,5.525013795,4.212978022,8,,1,
Data preparation products,Ease of use,11,Alteryx,,5.473743356,9.265698843,2,,2,
Data preparation products,Ease of use,11,Dataiku,,5.473743356,10,1,,2,
Data preparation products,Ease of use,11,IBM SPSS/WS,,5.473743356,5.011872471,5,,2,
Data preparation products,Ease of use,11,IBM SPSS/WS/CA,,5.473743356,4.853736972,6,,2,
Data preparation products,Ease of use,11,Microsoft Azure/SQL Server,,5.473743356,3.846148016,8,,2,
Data preparation products,Ease of use,11,Microsoft Power BI,,5.473743356,4.610530603,7,,2,
Data preparation products,Ease of use,11,Qlik,,5.473743356,2.371494579,9,,2,
Data preparation products,Ease of use,11,RapidMiner,,5.473743356,8.641208041,3,,2,
Data preparation products,Ease of use,11,SAS,,5.473743356,1,10,,2,
Data preparation products,Ease of use,11,Tableau,,5.473743356,5.136744039,4,,2,
Data preparation products,Code-free usage,12,Alteryx,,5.250465375,10,1,,2,
Data preparation products,Code-free usage,12,Dataiku,,5.250465375,9.580489214,2,,2,
Data preparation products,Code-free usage,12,IBM SPSS/WS,,5.250465375,3.999451738,7,,2,
Data preparation products,Code-free usage,12,IBM SPSS/WS/CA,,5.250465375,5.524253958,5,,2,
Data preparation products,Code-free usage,12,Microsoft Azure/SQL Server,,5.250465375,2.438309539,8,,2,
Data preparation products,Code-free usage,12,Microsoft Power BI,,5.250465375,4.019854589,6,,2,
Data preparation products,Code-free usage,12,Qlik,,5.250465375,1.28858463,9,,2,
Data preparation products,Code-free usage,12,RapidMiner,,5.250465375,8.441112893,3,,2,
Data preparation products,Code-free usage,12,SAS,,5.250465375,1,10,,2,
Data preparation products,Code-free usage,12,Tableau,,5.250465375,6.212597192,4,,2,
Data preparation products,User guidance,13,Alteryx,,7.324621072,10,1,,2,
Data preparation products,User guidance,13,Dataiku,,7.324621072,9.87245841,2,,2,
Data preparation products,User guidance,13,IBM SPSS/WS,,7.324621072,8.852125693,4,,2,
Data preparation products,User guidance,13,IBM SPSS/WS/CA,,7.324621072,8.852125693,4,,2,
Data preparation products,User guidance,13,Microsoft Azure/SQL Server,,7.324621072,5.791127542,7,,2,
Data preparation products,User guidance,13,Microsoft Power BI,,7.324621072,5.791127542,7,,2,
Data preparation products,User guidance,13,Qlik,,7.324621072,5.791127542,7,,2,
Data preparation products,User guidance,13,RapidMiner,,7.324621072,7.831792976,6,,2,
Data preparation products,User guidance,13,SAS,,7.324621072,1,10,,2,
Data preparation products,User guidance,13,Tableau,,7.324621072,9.464325323,3,,2,
Data preparation products,Collaboration,14,Alteryx,,6.270071679,6.764044944,6,,2,
Data preparation products,Collaboration,14,Dataiku,,6.270071679,10,1,,2,
Data preparation products,Collaboration,14,IBM SPSS/WS,,6.270071679,7.13964687,4,,2,
Data preparation products,Collaboration,14,IBM SPSS/WS/CA,,6.270071679,5.657007688,7,,2,
Data preparation products,Collaboration,14,Microsoft Azure/SQL Server,,6.270071679,7.97752809,2,,2,
Data preparation products,Collaboration,14,Microsoft Power BI,,6.270071679,5.550561798,8,,2,
Data preparation products,Collaboration,14,Qlik,,6.270071679,7.573033708,3,,2,
Data preparation products,Collaboration,14,RapidMiner,,6.270071679,7.106309421,5,,2,
Data preparation products,Collaboration,14,SAS,,6.270071679,1,10,,2,
Data preparation products,Collaboration,14,Tableau,,6.270071679,3.93258427,9,,2,
Data preparation products,Openness,15,Alteryx,,4.571226026,4.117897217,6,,2,
Data preparation products,Openness,15,Dataiku,,4.571226026,10,1,,2,
Data preparation products,Openness,15,IBM SPSS/WS,,4.571226026,6.000017431,3,,2,
Data preparation products,Openness,15,IBM SPSS/WS/CA,,4.571226026,5.463313651,4,,2,
Data preparation products,Openness,15,Microsoft Azure/SQL Server,,4.571226026,8.127642194,2,,2,
Data preparation products,Openness,15,Microsoft Power BI,,4.571226026,4.829690679,5,,2,
Data preparation products,Openness,15,Qlik,,4.571226026,1,10,,2,
Data preparation products,Openness,15,RapidMiner,,4.571226026,4.080254813,7,,2,
Data preparation products,Openness,15,SAS,,4.571226026,1.034291931,9,,2,
Data preparation products,Openness,15,Tableau,,4.571226026,1.05915235,8,,2,
Data preparation products,Data management,16,Alteryx,,5.88632364,8.978747794,1,,1,
Data preparation products,Data management,16,Dataiku,,5.88632364,6.580642345,4,,1,
Data preparation products,Data management,16,IBM SPSS/WS,,5.88632364,3.733146208,9,,1,
Data preparation products,Data management,16,IBM SPSS/WS/CA,,5.88632364,4.496010307,8,,1,
Data preparation products,Data management,16,Microsoft Azure/SQL Server,,5.88632364,7.340066758,2,,1,
Data preparation products,Data management,16,Microsoft Power BI,,5.88632364,5.504104594,6,,1,
Data preparation products,Data management,16,Qlik,,5.88632364,7.217948639,3,,1,
Data preparation products,Data management,16,RapidMiner,,5.88632364,5.849614721,5,,1,
Data preparation products,Data management,16,SAS,,5.88632364,5.484649953,7,,1,
Data preparation products,Data management,16,Tableau,,5.88632364,3.678305079,10,,1,
Data preparation products,Performance satisfaction,17,Alteryx,,5.283699608,10,1,,2,
Data preparation products,Performance satisfaction,17,Dataiku,,5.283699608,3.68683308,8,,2,
Data preparation products,Performance satisfaction,17,IBM SPSS/WS,,5.283699608,1,10,,2,
Data preparation products,Performance satisfaction,17,IBM SPSS/WS/CA,,5.283699608,3.160158243,9,,2,
Data preparation products,Performance satisfaction,17,Microsoft Azure/SQL Server,,5.283699608,4.77757255,6,,2,
Data preparation products,Performance satisfaction,17,Microsoft Power BI,,5.283699608,6.609799935,3,,2,
Data preparation products,Performance satisfaction,17,Qlik,,5.283699608,5.832417378,5,,2,
Data preparation products,Performance satisfaction,17,RapidMiner,,5.283699608,7.250464542,2,,2,
Data preparation products,Performance satisfaction,17,SAS,,5.283699608,4.285425032,7,,2,
Data preparation products,Performance satisfaction,17,Tableau,,5.283699608,6.23432532,4,,2,
Data preparation products,Data volume,18,Alteryx,,5.812373735,10,1,,2,
Data preparation products,Data volume,18,Dataiku,,5.812373735,6.181611954,5,,2,
Data preparation products,Data volume,18,IBM SPSS/WS,,5.812373735,3.738461784,8,,2,
Data preparation products,Data volume,18,IBM SPSS/WS/CA,,5.812373735,4.122836123,7,,2,
Data preparation products,Data volume,18,Microsoft Azure/SQL Server,,5.812373735,8.198676675,2,,2,
Data preparation products,Data volume,18,Microsoft Power BI,,5.812373735,6.101718473,6,,2,
Data preparation products,Data volume,18,Qlik,,5.812373735,8.184795549,3,,2,
Data preparation products,Data volume,18,RapidMiner,,5.812373735,3.183849959,9,,2,
Data preparation products,Data volume,18,SAS,,5.812373735,7.411786827,4,,2,
Data preparation products,Data volume,18,Tableau,,5.812373735,1,10,,2,
Data preparation products,Data variety,19,Alteryx,,5.310453893,8.392273788,4,,2,
Data preparation products,Data variety,19,Dataiku,,5.310453893,9.221415608,3,,2,
Data preparation products,Data variety,19,IBM SPSS/WS,,5.310453893,1.226955774,8,,2,
Data preparation products,Data variety,19,IBM SPSS/WS/CA,,5.310453893,1,10,,2,
Data preparation products,Data variety,19,Microsoft Azure/SQL Server,,5.310453893,9.687733533,2,,2,
Data preparation products,Data variety,19,Microsoft Power BI,,5.310453893,10,1,,2,
Data preparation products,Data variety,19,Qlik,,5.310453893,5.94529427,5,,2,
Data preparation products,Data variety,19,RapidMiner,,5.310453893,3.943220119,6,,2,
Data preparation products,Data variety,19,SAS,,5.310453893,2.552890848,7,,2,
Data preparation products,Data variety,19,Tableau,,5.310453893,1.134754991,9,,2,
Data preparation products,Governance,20,Alteryx,,7.152144466,6.718854283,8,,2,
Data preparation products,Governance,20,Dataiku,,7.152144466,10,1,,2,
Data preparation products,Governance,20,IBM SPSS/WS,,7.152144466,9.080645161,3,,2,
Data preparation products,Governance,20,IBM SPSS/WS/CA,,7.152144466,8.620967742,5,,2,
Data preparation products,Governance,20,Microsoft Azure/SQL Server,,7.152144466,9.151364764,2,,2,
Data preparation products,Governance,20,Microsoft Power BI,,7.152144466,1,10,,2,
Data preparation products,Governance,20,Qlik,,7.152144466,8.965725806,4,,2,
Data preparation products,Governance,20,RapidMiner,,7.152144466,7.367302053,6,,2,
Data preparation products,Governance,20,SAS,,7.152144466,6.822230014,7,,2,
Data preparation products,Governance,20,Tableau,,7.152144466,3.794354839,9,,2,
Data preparation products,Analytics,21,Alteryx,,6.126079295,6.430247322,5,,1,
Data preparation products,Analytics,21,Dataiku,,6.126079295,9.552876481,1,,1,
Data preparation products,Analytics,21,IBM SPSS/WS,,6.126079295,4.265852128,8,,1,
Data preparation products,Analytics,21,IBM SPSS/WS/CA,,6.126079295,4.335224946,7,,1,
Data preparation products,Analytics,21,Microsoft Azure/SQL Server,,6.126079295,5.009082065,6,,1,
Data preparation products,Analytics,21,Microsoft Power BI,,6.126079295,8.074024243,3,,1,
Data preparation products,Analytics,21,Qlik,,6.126079295,8.461423657,2,,1,
Data preparation products,Analytics,21,RapidMiner,,6.126079295,4.184932371,9,,1,
Data preparation products,Analytics,21,SAS,,6.126079295,7.255881387,4,,1,
Data preparation products,Analytics,21,Tableau,,6.126079295,3.691248355,10,,1,
Data preparation products,Data preparation,22,Alteryx,,5.43878383,9.519589393,2,,2,
Data preparation products,Data preparation,22,Dataiku,,5.43878383,10,1,,2,
Data preparation products,Data preparation,22,IBM SPSS/WS,,5.43878383,2.903246139,9,,2,
Data preparation products,Data preparation,22,IBM SPSS/WS/CA,,5.43878383,3.371257485,7,,2,
Data preparation products,Data preparation,22,Microsoft Azure/SQL Server,,5.43878383,5.3589292,6,,2,
Data preparation products,Data preparation,22,Microsoft Power BI,,5.43878383,7.251497006,3,,2,
Data preparation products,Data preparation,22,Qlik,,5.43878383,5.657827203,5,,2,
Data preparation products,Data preparation,22,RapidMiner,,5.43878383,3.286569718,8,,2,
Data preparation products,Data preparation,22,SAS,,5.43878383,6.038922156,4,,2,
Data preparation products,Data preparation,22,Tableau,,5.43878383,1,10,,2,
Data preparation products,Data visualization,23,Alteryx,,5.918099651,2.523738429,9,,2,
Data preparation products,Data visualization,23,Dataiku,,5.918099651,7.475888325,4,,2,
Data preparation products,Data visualization,23,IBM SPSS/WS,,5.918099651,1,10,,2,
Data preparation products,Data visualization,23,IBM SPSS/WS/CA,,5.918099651,3.110659898,7,,2,
Data preparation products,Data visualization,23,Microsoft Azure/SQL Server,,5.918099651,5.605076142,6,,2,
Data preparation products,Data visualization,23,Microsoft Power BI,,5.918099651,9.460083064,3,,2,
Data preparation products,Data visualization,23,Qlik,,5.918099651,10,1,,2,
Data preparation products,Data visualization,23,RapidMiner,,5.918099651,3.110659898,7,,2,
Data preparation products,Data visualization,23,SAS,,5.918099651,7.340322225,5,,2,
Data preparation products,Data visualization,23,Tableau,,5.918099651,9.554568528,2,,2,
Data preparation products,Visual analysis,24,Alteryx,,6.619882143,4.176470588,9,,2,
Data preparation products,Visual analysis,24,Dataiku,,6.619882143,9.25,2,,2,
Data preparation products,Visual analysis,24,IBM SPSS/WS,,6.619882143,5.857142857,7,,2,
Data preparation products,Visual analysis,24,IBM SPSS/WS/CA,,6.619882143,5.380952381,8,,2,
Data preparation products,Visual analysis,24,Microsoft Azure/SQL Server,,6.619882143,1,10,,2,
Data preparation products,Visual analysis,24,Microsoft Power BI,,6.619882143,8.454545455,4,,2,
Data preparation products,Visual analysis,24,Qlik,,6.619882143,10,1,,2,
Data preparation products,Visual analysis,24,RapidMiner,,6.619882143,6.333333333,6,,2,
Data preparation products,Visual analysis,24,SAS,,6.619882143,6.913043478,5,,2,
Data preparation products,Visual analysis,24,Tableau,,6.619882143,8.833333333,3,,2,
Data preparation products,Advanced analytics breadth,25,Alteryx,,6.553499411,6.145592705,6,,2,
Data preparation products,Advanced analytics breadth,25,Dataiku,,6.553499411,10,1,,2,
Data preparation products,Advanced analytics breadth,25,IBM SPSS/WS,,6.553499411,5.656215006,7,,2,
Data preparation products,Advanced analytics breadth,25,IBM SPSS/WS/CA,,6.553499411,5.010229133,8,,2,
Data preparation products,Advanced analytics breadth,25,Microsoft Azure/SQL Server,,6.553499411,7.133291615,5,,2,
Data preparation products,Advanced analytics breadth,25,Microsoft Power BI,,6.553499411,8.180851064,4,,2,
Data preparation products,Advanced analytics breadth,25,Qlik,,6.553499411,9.726443769,2,,2,
Data preparation products,Advanced analytics breadth,25,RapidMiner,,6.553499411,4.009118541,9,,2,
Data preparation products,Advanced analytics breadth,25,SAS,,6.553499411,8.67325228,3,,2,
Data preparation products,Advanced analytics breadth,25,Tableau,,6.553499411,1,10,,2,
Data preparation products,Operationalization,26,Alteryx,,n/a,n/a,n/a,,1,
Data preparation products,Operationalization,26,Dataiku,,n/a,n/a,n/a,,1,
Data preparation products,Operationalization,26,IBM SPSS/WS,,n/a,n/a,n/a,,1,
Data preparation products,Operationalization,26,IBM SPSS/WS/CA,,n/a,n/a,n/a,,1,
Data preparation products,Operationalization,26,Microsoft Azure/SQL Server,,n/a,n/a,n/a,,1,
Data preparation products,Operationalization,26,Microsoft Power BI,,n/a,n/a,n/a,,1,
Data preparation products,Operationalization,26,Qlik,,n/a,n/a,n/a,,1,
Data preparation products,Operationalization,26,RapidMiner,,n/a,n/a,n/a,,1,
Data preparation products,Operationalization,26,SAS,,n/a,n/a,n/a,,1,
Data preparation products,Operationalization,26,Tableau,,n/a,n/a,n/a,,1,
Data preparation products,Model scoring,27,Alteryx,,n/a,n/a,n/a,,2,
Data preparation products,Model scoring,27,Dataiku,,n/a,n/a,n/a,,2,
Data preparation products,Model scoring,27,IBM SPSS/WS,,n/a,n/a,n/a,,2,
Data preparation products,Model scoring,27,IBM SPSS/WS/CA,,n/a,n/a,n/a,,2,
Data preparation products,Model scoring,27,Microsoft Azure/SQL Server,,n/a,n/a,n/a,,2,
Data preparation products,Model scoring,27,Microsoft Power BI,,n/a,n/a,n/a,,2,
Data preparation products,Model scoring,27,Qlik,,n/a,n/a,n/a,,2,
Data preparation products,Model scoring,27,RapidMiner,,n/a,n/a,n/a,,2,
Data preparation products,Model scoring,27,SAS,,n/a,n/a,n/a,,2,
Data preparation products,Model scoring,27,Tableau,,n/a,n/a,n/a,,2,
Data preparation products,Model management,28,Alteryx,,n/a,n/a,n/a,,2,
Data preparation products,Model management,28,Dataiku,,n/a,n/a,n/a,,2,
Data preparation products,Model management,28,IBM SPSS/WS,,n/a,n/a,n/a,,2,
Data preparation products,Model management,28,IBM SPSS/WS/CA,,n/a,n/a,n/a,,2,
Data preparation products,Model management,28,Microsoft Azure/SQL Server,,n/a,n/a,n/a,,2,
Data preparation products,Model management,28,Microsoft Power BI,,n/a,n/a,n/a,,2,
Data preparation products,Model management,28,Qlik,,n/a,n/a,n/a,,2,
Data preparation products,Model management,28,RapidMiner,,n/a,n/a,n/a,,2,
Data preparation products,Model management,28,SAS,,n/a,n/a,n/a,,2,
Data preparation products,Model management,28,Tableau,,n/a,n/a,n/a,,2,
Software generalists,Business value,1,IBM SPSS/WS,,3.11057257,4.235933472,2,,1,
Software generalists,Business value,1,IBM SPSS/WS/CA,,3.11057257,2.032423796,4,,1,
Software generalists,Business value,1,Microsoft Azure/SQL Server,,3.11057257,2.104680263,3,,1,
Software generalists,Business value,1,Microsoft Power BI,,3.11057257,5.478577123,1,,1,
Software generalists,Business value,1,SAS,,3.11057257,1.701248197,5,,1,
Software generalists,Business benefits,2,IBM SPSS/WS,,2.978251358,3.691724258,2,,2,
Software generalists,Business benefits,2,IBM SPSS/WS/CA,,2.978251358,1.626251485,4,,2,
Software generalists,Business benefits,2,Microsoft Azure/SQL Server,,2.978251358,1,5,,2,
Software generalists,Business benefits,2,Microsoft Power BI,,2.978251358,6.418491074,1,,2,
Software generalists,Business benefits,2,SAS,,2.978251358,2.154789973,3,,2,
Software generalists,Project success,3,IBM SPSS/WS,,2.459360333,3.821590175,2,,2,
Software generalists,Project success,3,IBM SPSS/WS/CA,,2.459360333,1.795508839,3,,2,
Software generalists,Project success,3,Microsoft Azure/SQL Server,,2.459360333,1.465416936,4,,2,
Software generalists,Project success,3,Microsoft Power BI,,2.459360333,4.214285714,1,,2,
Software generalists,Project success,3,SAS,,2.459360333,1,5,,2,
Software generalists,Project length,4,IBM SPSS/WS,,4.809960682,6.697247706,1,,2,
Software generalists,Project length,4,IBM SPSS/WS/CA,,4.809960682,3.724770642,4,,2,
Software generalists,Project length,4,Microsoft Azure/SQL Server,,4.809960682,6.697247706,2,,2,
Software generalists,Project length,4,Microsoft Power BI,,4.809960682,5.187418087,3,,2,
Software generalists,Project length,4,SAS,,4.809960682,1.743119266,5,,2,
Software generalists,Customer satisfaction,5,IBM SPSS/WS,,4.959386421,5.345659721,3,,1,
Software generalists,Customer satisfaction,5,IBM SPSS/WS/CA,,4.959386421,4.143793039,4,,1,
Software generalists,Customer satisfaction,5,Microsoft Azure/SQL Server,,4.959386421,5.919896717,2,,1,
Software generalists,Customer satisfaction,5,Microsoft Power BI,,4.959386421,8.160659551,1,,1,
Software generalists,Customer satisfaction,5,SAS,,4.959386421,1.226923077,5,,1,
Software generalists,Price-to-value,6,IBM SPSS/WS,,7.157050672,8.716512702,2,,2,
Software generalists,Price-to-value,6,IBM SPSS/WS/CA,,7.157050672,7.928406467,4,,2,
Software generalists,Price-to-value,6,Microsoft Azure/SQL Server,,7.157050672,8.140334194,3,,2,
Software generalists,Price-to-value,6,Microsoft Power BI,,7.157050672,10,1,,2,
Software generalists,Price-to-value,6,SAS,,7.157050672,1,5,,2,
Software generalists,Recommendation,7,IBM SPSS/WS,,4.277668878,7.576923077,1,,2,
Software generalists,Recommendation,7,IBM SPSS/WS/CA,,4.277668878,4.732441472,3,,2,
Software generalists,Recommendation,7,Microsoft Azure/SQL Server,,4.277668878,1.162895928,4,,2,
Software generalists,Recommendation,7,Microsoft Power BI,,4.277668878,6.916083916,2,,2,
Software generalists,Recommendation,7,SAS,,4.277668878,1,5,,2,
Software generalists,Vendor support,8,IBM SPSS/WS,,3.341769809,1.707142857,4,,2,
Software generalists,Vendor support,8,IBM SPSS/WS/CA,,3.341769809,1,5,,2,
Software generalists,Vendor support,8,Microsoft Azure/SQL Server,,3.341769809,5.885714286,1,,2,
Software generalists,Vendor support,8,Microsoft Power BI,,3.341769809,5.073684211,2,,2,
Software generalists,Vendor support,8,SAS,,3.341769809,3.042307692,3,,2,
Software generalists,Product satisfaction,9,IBM SPSS/WS,,4.7152,2.08,3,,2,
Software generalists,Product satisfaction,9,IBM SPSS/WS/CA,,4.7152,2.08,4,,2,
Software generalists,Product satisfaction,9,Microsoft Azure/SQL Server,,4.7152,9.208,1,,2,
Software generalists,Product satisfaction,9,Microsoft Power BI,,4.7152,9.208,1,,2,
Software generalists,Product satisfaction,9,SAS,,4.7152,1,5,,2,
Software generalists,User experience,10,IBM SPSS/WS,,4.724991941,6.016654088,1,,1,
Software generalists,User experience,10,IBM SPSS/WS/CA,,4.724991941,5.66415469,3,,1,
Software generalists,User experience,10,Microsoft Azure/SQL Server,,4.724991941,6.010586389,2,,1,
Software generalists,User experience,10,Microsoft Power BI,,4.724991941,4.923276957,4,,1,
Software generalists,User experience,10,SAS,,4.724991941,1.010287579,5,,1,
Software generalists,Ease of use,11,IBM SPSS/WS,,3.864457613,5.011872471,1,,2,
Software generalists,Ease of use,11,IBM SPSS/WS/CA,,3.864457613,4.853736972,2,,2,
Software generalists,Ease of use,11,Microsoft Azure/SQL Server,,3.864457613,3.846148016,4,,2,
Software generalists,Ease of use,11,Microsoft Power BI,,3.864457613,4.610530603,3,,2,
Software generalists,Ease of use,11,SAS,,3.864457613,1,5,,2,
Software generalists,Code-free usage,12,IBM SPSS/WS,,3.396373965,3.999451738,3,,2,
Software generalists,Code-free usage,12,IBM SPSS/WS/CA,,3.396373965,5.524253958,1,,2,
Software generalists,Code-free usage,12,Microsoft Azure/SQL Server,,3.396373965,2.438309539,4,,2,
Software generalists,Code-free usage,12,Microsoft Power BI,,3.396373965,4.019854589,2,,2,
Software generalists,Code-free usage,12,SAS,,3.396373965,1,5,,2,
Software generalists,User guidance,13,IBM SPSS/WS,,6.057301294,8.852125693,1,,2,
Software generalists,User guidance,13,IBM SPSS/WS/CA,,6.057301294,8.852125693,1,,2,
Software generalists,User guidance,13,Microsoft Azure/SQL Server,,6.057301294,5.791127542,3,,2,
Software generalists,User guidance,13,Microsoft Power BI,,6.057301294,5.791127542,3,,2,
Software generalists,User guidance,13,SAS,,6.057301294,1,5,,2,
Software generalists,Collaboration,14,IBM SPSS/WS,,5.464948889,7.13964687,2,,2,
Software generalists,Collaboration,14,IBM SPSS/WS/CA,,5.464948889,5.657007688,3,,2,
Software generalists,Collaboration,14,Microsoft Azure/SQL Server,,5.464948889,7.97752809,1,,2,
Software generalists,Collaboration,14,Microsoft Power BI,,5.464948889,5.550561798,4,,2,
Software generalists,Collaboration,14,SAS,,5.464948889,1,5,,2,
Software generalists,Openness,15,IBM SPSS/WS,,5.090991177,6.000017431,2,,2,
Software generalists,Openness,15,IBM SPSS/WS/CA,,5.090991177,5.463313651,3,,2,
Software generalists,Openness,15,Microsoft Azure/SQL Server,,5.090991177,8.127642194,1,,2,
Software generalists,Openness,15,Microsoft Power BI,,5.090991177,4.829690679,4,,2,
Software generalists,Openness,15,SAS,,5.090991177,1.034291931,5,,2,
Software generalists,Data management,16,IBM SPSS/WS,,5.311595564,3.733146208,5,,1,
Software generalists,Data management,16,IBM SPSS/WS/CA,,5.311595564,4.496010307,4,,1,
Software generalists,Data management,16,Microsoft Azure/SQL Server,,5.311595564,7.340066758,1,,1,
Software generalists,Data management,16,Microsoft Power BI,,5.311595564,5.504104594,2,,1,
Software generalists,Data management,16,SAS,,5.311595564,5.484649953,3,,1,
Software generalists,Performance satisfaction,17,IBM SPSS/WS,,3.966591152,1,5,,2,
Software generalists,Performance satisfaction,17,IBM SPSS/WS/CA,,3.966591152,3.160158243,4,,2,
Software generalists,Performance satisfaction,17,Microsoft Azure/SQL Server,,3.966591152,4.77757255,2,,2,
Software generalists,Performance satisfaction,17,Microsoft Power BI,,3.966591152,6.609799935,1,,2,
Software generalists,Performance satisfaction,17,SAS,,3.966591152,4.285425032,3,,2,
Software generalists,Data volume,18,IBM SPSS/WS,,5.914695976,3.738461784,5,,2,
Software generalists,Data volume,18,IBM SPSS/WS/CA,,5.914695976,4.122836123,4,,2,
Software generalists,Data volume,18,Microsoft Azure/SQL Server,,5.914695976,8.198676675,1,,2,
Software generalists,Data volume,18,Microsoft Power BI,,5.914695976,6.101718473,3,,2,
Software generalists,Data volume,18,SAS,,5.914695976,7.411786827,2,,2,
Software generalists,Data variety,19,IBM SPSS/WS,,4.893516031,1.226955774,4,,2,
Software generalists,Data variety,19,IBM SPSS/WS/CA,,4.893516031,1,5,,2,
Software generalists,Data variety,19,Microsoft Azure/SQL Server,,4.893516031,9.687733533,2,,2,
Software generalists,Data variety,19,Microsoft Power BI,,4.893516031,10,1,,2,
Software generalists,Data variety,19,SAS,,4.893516031,2.552890848,3,,2,
Software generalists,Governance,20,IBM SPSS/WS,,6.935041536,9.080645161,2,,2,
Software generalists,Governance,20,IBM SPSS/WS/CA,,6.935041536,8.620967742,3,,2,
Software generalists,Governance,20,Microsoft Azure/SQL Server,,6.935041536,9.151364764,1,,2,
Software generalists,Governance,20,Microsoft Power BI,,6.935041536,1,5,,2,
Software generalists,Governance,20,SAS,,6.935041536,6.822230014,4,,2,
Software generalists,Analytics,21,IBM SPSS/WS,,5.788012954,4.265852128,5,,1,
Software generalists,Analytics,21,IBM SPSS/WS/CA,,5.788012954,4.335224946,4,,1,
Software generalists,Analytics,21,Microsoft Azure/SQL Server,,5.788012954,5.009082065,3,,1,
Software generalists,Analytics,21,Microsoft Power BI,,5.788012954,8.074024243,1,,1,
Software generalists,Analytics,21,SAS,,5.788012954,7.255881387,2,,1,
Software generalists,Data preparation,22,IBM SPSS/WS,,4.984770397,2.903246139,5,,2,
Software generalists,Data preparation,22,IBM SPSS/WS/CA,,4.984770397,3.371257485,4,,2,
Software generalists,Data preparation,22,Microsoft Azure/SQL Server,,4.984770397,5.3589292,3,,2,
Software generalists,Data preparation,22,Microsoft Power BI,,4.984770397,7.251497006,1,,2,
Software generalists,Data preparation,22,SAS,,4.984770397,6.038922156,2,,2,
Software generalists,Data visualization,23,IBM SPSS/WS,,5.303228266,1,5,,2,
Software generalists,Data visualization,23,IBM SPSS/WS/CA,,5.303228266,3.110659898,4,,2,
Software generalists,Data visualization,23,Microsoft Azure/SQL Server,,5.303228266,5.605076142,3,,2,
Software generalists,Data visualization,23,Microsoft Power BI,,5.303228266,9.460083064,1,,2,
Software generalists,Data visualization,23,SAS,,5.303228266,7.340322225,2,,2,
Software generalists,Visual analysis,24,IBM SPSS/WS,,5.521136834,5.857142857,3,,2,
Software generalists,Visual analysis,24,IBM SPSS/WS/CA,,5.521136834,5.380952381,4,,2,
Software generalists,Visual analysis,24,Microsoft Azure/SQL Server,,5.521136834,1,5,,2,
Software generalists,Visual analysis,24,Microsoft Power BI,,5.521136834,8.454545455,1,,2,
Software generalists,Visual analysis,24,SAS,,5.521136834,6.913043478,2,,2,
Software generalists,Advanced analytics breadth,25,IBM SPSS/WS,,6.930767819,5.656215006,4,,2,
Software generalists,Advanced analytics breadth,25,IBM SPSS/WS/CA,,6.930767819,5.010229133,5,,2,
Software generalists,Advanced analytics breadth,25,Microsoft Azure/SQL Server,,6.930767819,7.133291615,3,,2,
Software generalists,Advanced analytics breadth,25,Microsoft Power BI,,6.930767819,8.180851064,2,,2,
Software generalists,Advanced analytics breadth,25,SAS,,6.930767819,8.67325228,1,,2,
Software generalists,Operationalization,26,IBM SPSS/WS,,6.33159114,5.459459459,3,,1,
Software generalists,Operationalization,26,IBM SPSS/WS/CA,,6.33159114,3.705832148,5,,1,
Software generalists,Operationalization,26,Microsoft Azure/SQL Server,,6.33159114,4.773745174,4,,1,
Software generalists,Operationalization,26,Microsoft Power BI,,6.33159114,7.718918919,2,,1,
Software generalists,Operationalization,26,SAS,,6.33159114,10,1,,1,
Software generalists,Model scoring,27,IBM SPSS/WS,,6.371834993,4.648648649,3,,2,
Software generalists,Model scoring,27,IBM SPSS/WS/CA,,6.371834993,4.26458037,5,,2,
Software generalists,Model scoring,27,Microsoft Azure/SQL Server,,6.371834993,4.648648649,3,,2,
Software generalists,Model scoring,27,Microsoft Power BI,,6.371834993,8.297297297,2,,2,
Software generalists,Model scoring,27,SAS,,6.371834993,10,1,,2,
Software generalists,Model management,28,IBM SPSS/WS,,6.304761905,6,3,,2,
Software generalists,Model management,28,IBM SPSS/WS/CA,,6.304761905,3.333333333,5,,2,
Software generalists,Model management,28,Microsoft Azure/SQL Server,,6.304761905,4.857142857,4,,2,
Software generalists,Model management,28,Microsoft Power BI,,6.304761905,7.333333333,2,,2,
Software generalists,Model management,28,SAS,,6.304761905,10,1,,2,
